Car_id,Bus_model
2D424D2DA9889078,368BB2EF1243A436
4729E9BB4CA04DFC,C9B79EBF778FE972
8A91817061C39711,368BB2EF1243A436
E9596A8D4521D37E,C364D5CFCE27A115
09D763973E721F19,C364D5CFCE27A115
D928A193FD12B4BA,368BB2EF1243A436
D928A193FD12B4BA,368BB2EF1243A436
B0054A39E97C679D,99BA9780D7CEBA09
B4AACC9E8AEA31E1,99BA9780D7CEBA09
6F18206687BEAE47,99BA9780D7CEBA09
B653DD4A635A0A2D,C364D5CFCE27A115
DD3B90933276212F,897D8CD74D249C84
D522D7387057E48A,C364D5CFCE27A115
9D31999A1A402F15,C364D5CFCE27A115
1165F7BE132F2F8F,99BA9780D7CEBA09
A17EC79350391618,C364D5CFCE27A115
124673A6867312CB,C364D5CFCE27A115
2CD180DD22078E9F,460ABAE584E27A2A
04F6F952F4D56672,368BB2EF1243A436
69458973F5880A59,5CE8EFB41E0515D7
788F3B309749ECC3,5BD6A4EE56A73320
6499BE0C0C282D10,C480E8072B31DD9A
6499BE0C0C282D10,C480E8072B31DD9A
1369F8B817670295,5CE8EFB41E0515D7
1369F8B817670295,5CE8EFB41E0515D7
51D95A0A4C4A4818,5BD6A4EE56A73320
63E684C74B4A0FF1,8D88EA131D85C17E
77BC50CBAD3160C2,5CE8EFB41E0515D7
88A21178ABAD48DB,8D88EA131D85C17E
63C9CF3E2D350B28,75556553A5F08E4C
63C9CF3E2D350B28,75556553A5F08E4C
5FB98EC64C07CB43,75556553A5F08E4C
5FB98EC64C07CB43,75556553A5F08E4C
BEC647FFD09856FF,8D88EA131D85C17E
7FC2D80BD14FF838,8D88EA131D85C17E
A2602405C160D27A,368BB2EF1243A436
3DABCC73F283AF93,A548C152FF0DE9AB
AB9ACEE374AB5F79,368BB2EF1243A436
019720F0AE323EB2,B809AC58BAE3BD93
019720F0AE323EB2,B809AC58BAE3BD93
6379B2EB60E03A5F,137346825DFD71FE
C49FD698E3CC5A97,5BD6A4EE56A73320
CE0529B0A7204E14,368BB2EF1243A436
F72A1A02D9FAFBC6,8D88EA131D85C17E
9904F3319E988FF5,C364D5CFCE27A115
58D5BB177B1DBC06,A548C152FF0DE9AB
9C249848B2D8265C,75556553A5F08E4C
9C249848B2D8265C,75556553A5F08E4C
FB4C237FFFDDDA50,99BA9780D7CEBA09
479F5325B7E1D25C,897D8CD74D249C84
4C57774D2DCB041E,BECA51082AEC472A
F63AED0A69695381,897D8CD74D249C84
0D3A8C4DB791F151,5BD6A4EE56A73320
2445B87F0CC79FA9,C364D5CFCE27A115
AABF136F56D4CCE4,99BA9780D7CEBA09
341FF712A7C6B5B8,5CE8EFB41E0515D7
496553454B034FCC,368BB2EF1243A436
496553454B034FCC,368BB2EF1243A436
064651EB8FFAC4DF,460ABAE584E27A2A
D0BC3F1E811D74AB,99BA9780D7CEBA09
D0BC3F1E811D74AB,99BA9780D7CEBA09
A5D36D27EDA2B075,99BA9780D7CEBA09
5FF7D02E13C38186,5BD6A4EE56A73320
D108B541151ABCBB,5BD6A4EE56A73320
26CE8467374DF331,897D8CD74D249C84
5A60A4C2DEB3C14E,5BD6A4EE56A73320
98AECF1BCD00C8FF,5CE8EFB41E0515D7
833D6ADB6BBCBDB7,5CE8EFB41E0515D7
86D7822C925A809A,368BB2EF1243A436
A4597461B78F76DA,C364D5CFCE27A115
82B43E7D2044B940,C364D5CFCE27A115
648974566CF02166,5CE8EFB41E0515D7
C70DC119A9CB1A30,C364D5CFCE27A115
F46744769977690F,C364D5CFCE27A115
862696C92AE9683A,5BD6A4EE56A73320
2DB5E824F7AE5AC5,99BA9780D7CEBA09
D68C7A908D34AA7F,368BB2EF1243A436
6698DD04AF844CAC,C364D5CFCE27A115
F7991FD85558520D,368BB2EF1243A436
F7991FD85558520D,368BB2EF1243A436
B3E1B97160709E75,BECA51082AEC472A
EC27712403BEBC93,5BD6A4EE56A73320
B1F8BC634E87529D,460ABAE584E27A2A
20A3FCBFB0682929,C364D5CFCE27A115
BE012BA304E77647,368BB2EF1243A436
F4AA29A3B30455B6,460ABAE584E27A2A
A859F9034F00C428,5CE8EFB41E0515D7
C556725159B6368C,460ABAE584E27A2A
520CFFC8E68C8307,368BB2EF1243A436
8BF637BCF96CDE57,460ABAE584E27A2A
4B94A110023A5CB6,5CE8EFB41E0515D7
BC35CEC364924F63,460ABAE584E27A2A
4D9E3B3EC2332E29,C364D5CFCE27A115
83B3AFC7E67BBCD6,5CE8EFB41E0515D7
B0E5630DEB1BD8F3,C364D5CFCE27A115
544DD6A97144C24D,5CE8EFB41E0515D7
855C09ACBBF34D9B,C9B79EBF778FE972
B8BFEDD509B2C889,BECA51082AEC472A
67BC5619802C6E85,5BD6A4EE56A73320
2CC767DED2414E25,5BD6A4EE56A73320
3EAF59978B90F4FD,99BA9780D7CEBA09
E641C291CB7D60A3,99BA9780D7CEBA09
EC1F34E0DDB09ABC,5BD6A4EE56A73320
0C49842B4616BB97,5BD6A4EE56A73320
7BA0A850F41ED9F8,BECA51082AEC472A
903E7286F4DC8DBA,368BB2EF1243A436
81918C55F23CC06C,5BD6A4EE56A73320
5536B26BBE094A3A,A548C152FF0DE9AB
9965D0CA15EFB344,368BB2EF1243A436
82FE11638CDAB4D2,137346825DFD71FE
713480279996602A,368BB2EF1243A436
665A90D6F7E6F772,5CE8EFB41E0515D7
6011F3B45E039603,368BB2EF1243A436
BB1B53D3E7F4EBD3,5BD6A4EE56A73320
22DF8F4FDF6ED64F,5CE8EFB41E0515D7
B27A63B78AD9ABA2,C364D5CFCE27A115
223403AC096C05DE,5CE8EFB41E0515D7
A3FA68A33A345082,99BA9780D7CEBA09
B50BEFDAB7A5C877,5BD6A4EE56A73320
8E5DD486D98093FC,5BD6A4EE56A73320
3A806C47AEAE4437,C364D5CFCE27A115
FDB6EFAEA5196889,5BD6A4EE56A73320
9AA0D8A1DAADEECD,99BA9780D7CEBA09
9C93FB847B1E0E66,5BD6A4EE56A73320
FC2FC593A410A6C6,368BB2EF1243A436
7600D850B0516805,368BB2EF1243A436
F5FD7CDA25C15C2F,99BA9780D7CEBA09
C0B2C80CC94E2FBA,368BB2EF1243A436
C0B2C80CC94E2FBA,368BB2EF1243A436
56B25AAAC0FCD6D7,368BB2EF1243A436
E33AC6CD90E27D28,368BB2EF1243A436
9B04D99BD14F76D9,368BB2EF1243A436
27CAB3E3FFB9AF52,A548C152FF0DE9AB
30E3643C7E1DA1BB,368BB2EF1243A436
E4C787A6C172C342,368BB2EF1243A436
6E3383E66DFF5B58,99BA9780D7CEBA09
76FB3E1F9D040BCD,75556553A5F08E4C
76FB3E1F9D040BCD,75556553A5F08E4C
F4DF2FDE6E14361B,C364D5CFCE27A115
DC613576A954E3A6,5BD6A4EE56A73320
3716533C5653E1EE,5BD6A4EE56A73320
FCBA1A9AE1F9FF85,5CE8EFB41E0515D7
35F3E2786C8B0D01,5BD6A4EE56A73320
382CFFEAE733104C,368BB2EF1243A436
382CFFEAE733104C,368BB2EF1243A436
96778F26954AF258,368BB2EF1243A436
DAA8B8B4CCB555F2,460ABAE584E27A2A
0CC4FE6538AE46A1,99BA9780D7CEBA09
9995958C6723C398,75556553A5F08E4C
9995958C6723C398,75556553A5F08E4C
757544D21157989D,75556553A5F08E4C
757544D21157989D,75556553A5F08E4C
1567756781AE8118,75556553A5F08E4C
1567756781AE8118,75556553A5F08E4C
28E8826EEEC1E427,5BD6A4EE56A73320
28CEBA210B8AB802,5BD6A4EE56A73320
25CC2D4C3F6CA748,5CE8EFB41E0515D7
885DA6E863740079,5BD6A4EE56A73320
806AE9256BD1535F,99BA9780D7CEBA09
7C03A0D1733AA34F,5CE8EFB41E0515D7
DCF1AA130CD56023,5BD6A4EE56A73320
195195BA7AB1B18D,99BA9780D7CEBA09
C1F9BC47373E8E71,368BB2EF1243A436
D89F641D013F1B1A,5CE8EFB41E0515D7
441DAA3D516A186E,368BB2EF1243A436
236219C7F92A02C1,368BB2EF1243A436
7CA6470ADCDE1736,368BB2EF1243A436
7760125C7D354A58,C364D5CFCE27A115
A41A1652F82C6710,99BA9780D7CEBA09
7A128396D54D8B8A,5BD6A4EE56A73320
96417AEB29C87222,95D565EF66E7DFF9
96417AEB29C87222,95D565EF66E7DFF9
96417AEB29C87222,95D565EF66E7DFF9
CC26E78E17B58EC3,5BD6A4EE56A73320
909220E03F83F015,5CE8EFB41E0515D7
5AAB53B4AD15E95E,99BA9780D7CEBA09
3CFEB4876814BB1D,368BB2EF1243A436
9EEAAB74278FCAFE,5BD6A4EE56A73320
AB5130D75C0C3E6B,5BD6A4EE56A73320
E08702F92DFD3237,368BB2EF1243A436
E08702F92DFD3237,368BB2EF1243A436
B7B5CEF1796B3983,368BB2EF1243A436
B7B5CEF1796B3983,368BB2EF1243A436
5EA3F6E99D23E7C4,368BB2EF1243A436
DA974E308428A555,368BB2EF1243A436
21953450814CB3CA,368BB2EF1243A436
D2ED6A5C1D933C6A,368BB2EF1243A436
8C968E72C5C95671,368BB2EF1243A436
BA33F9012CCD11FE,368BB2EF1243A436
BA33F9012CCD11FE,368BB2EF1243A436
7D2AFE6D456A8086,368BB2EF1243A436
57FA2DDCB32206CA,368BB2EF1243A436
EC81F9E09E485CA5,368BB2EF1243A436
41E9871238F419C8,5CE8EFB41E0515D7
58ACB22AF5C917D7,C364D5CFCE27A115
9145CB554DECDE77,5CE8EFB41E0515D7
DC9F5C4F60A4B88A,5CE8EFB41E0515D7
CB5F5DB01EF8514A,5BD6A4EE56A73320
664EA1F4A2FA6B80,5BD6A4EE56A73320
E9B469C287E7D6FC,5BD6A4EE56A73320
83BD7B72B7585D4F,C9B79EBF778FE972
B7993E33EC832152,5CE8EFB41E0515D7
11D6F58D12957BA7,5CE8EFB41E0515D7
91D37128FBA84E16,5CE8EFB41E0515D7
462FE51DC76B7657,C364D5CFCE27A115
EC6A8C43F722A897,95D565EF66E7DFF9
EC6A8C43F722A897,95D565EF66E7DFF9
EC6A8C43F722A897,95D565EF66E7DFF9
EC6A8C43F722A897,95D565EF66E7DFF9
26BB8215393DE514,5CE8EFB41E0515D7
5D3B32084F9AE32F,5BD6A4EE56A73320
3E12DBEFC6E8EDDD,5BD6A4EE56A73320
6C4280AEB123A512,897D8CD74D249C84
E9CFDB764F565288,C364D5CFCE27A115
9901C30A581E1EC7,368BB2EF1243A436
9901C30A581E1EC7,368BB2EF1243A436
E2AB130B40AF7EF7,5BD6A4EE56A73320
FF4212850F583E50,460ABAE584E27A2A
7F4499F4C3CBD0BC,C364D5CFCE27A115
A43CF5CDED43D78C,5BD6A4EE56A73320
31552F15B4488FD8,99BA9780D7CEBA09
2DB993E58A18F985,99BA9780D7CEBA09
6D79B66C3D689694,C364D5CFCE27A115
51D2ECF6A4A7570A,5CE8EFB41E0515D7
F198CBBFD35C81FE,C364D5CFCE27A115
9D5C93AAF64AD032,368BB2EF1243A436
9D5C93AAF64AD032,368BB2EF1243A436
C0866C9A68B0726A,5BD6A4EE56A73320
1BED1B7A00A26FF4,5CE8EFB41E0515D7
DAE1F984F1EBABF3,C364D5CFCE27A115
D86C64D88AA6BAFA,368BB2EF1243A436
D86C64D88AA6BAFA,368BB2EF1243A436
BE8AF13742807C74,5BD6A4EE56A73320
4F455566C345B7AD,5BD6A4EE56A73320
0E0716BBE1670AAB,368BB2EF1243A436
0E0716BBE1670AAB,368BB2EF1243A436
2E33928C2F278EDC,5CE8EFB41E0515D7
F3C7C160F29426A0,5CE8EFB41E0515D7
5772C25BC8D8CBB3,BECA51082AEC472A
44819E4EF1B44979,5BD6A4EE56A73320
955E87E8CD65512D,5CE8EFB41E0515D7
5F10F9FC03201691,368BB2EF1243A436
5F10F9FC03201691,368BB2EF1243A436
B012E5E9EDADF117,897D8CD74D249C84
80BBA3582CD7EA67,BECA51082AEC472A
80BBA3582CD7EA67,BECA51082AEC472A
4B01B316A1E59371,5BD6A4EE56A73320
F7D08DEAD949B92C,5BD6A4EE56A73320
52951D45F4796162,5CE8EFB41E0515D7
52951D45F4796162,5CE8EFB41E0515D7
89F5403D961A65E6,C364D5CFCE27A115
22145D009FFF08C3,99BA9780D7CEBA09
5639AFA9ADD66FBF,5CE8EFB41E0515D7
5639AFA9ADD66FBF,5CE8EFB41E0515D7
4486EC31935E8E98,5BD6A4EE56A73320
EA1FEC44D06E3926,C364D5CFCE27A115
F2F73A4EEDDC10A7,5BD6A4EE56A73320
43F1882F3CF8F1AE,75556553A5F08E4C
43F1882F3CF8F1AE,75556553A5F08E4C
0AAC819ABC2F513E,5BD6A4EE56A73320
7995C611A96AD0BA,BECA51082AEC472A
B22A8ED2FCB69138,897D8CD74D249C84
60E62A0DC6C220DD,C364D5CFCE27A115
B089B3F5693C2091,C364D5CFCE27A115
399A1648E4FD00FD,C9B79EBF778FE972
62F5E3D777E0A942,5CE8EFB41E0515D7
72355C4CA153DB75,5BD6A4EE56A73320
8A058FEC33843061,75556553A5F08E4C
8A058FEC33843061,75556553A5F08E4C
9596B603FA433EC2,C9B79EBF778FE972
2AA8DD3D4778D411,5BD6A4EE56A73320
A0ADFB2FED95A077,137346825DFD71FE
37E6631E91BE6065,897D8CD74D249C84
45B3972C0DEC231F,99BA9780D7CEBA09
4993C4C98035F0A9,C364D5CFCE27A115
401C099A4DC87C1E,8D88EA131D85C17E
5DC92066A8559DF4,368BB2EF1243A436
756EA1F8F1518ACD,C364D5CFCE27A115
1CF14619E761B071,C364D5CFCE27A115
A3F948D034367613,C364D5CFCE27A115
1A99709F6DB7BD47,C364D5CFCE27A115
6002D4A5C789296A,C364D5CFCE27A115
9B2B4E9C15C2BB54,C364D5CFCE27A115
E83FBE6304D4C902,C364D5CFCE27A115
639424223A9FADC0,C364D5CFCE27A115
EFCF4F98619B767B,C364D5CFCE27A115
E3161867254BA3AD,5BD6A4EE56A73320
CCC44C42A8B148CE,C364D5CFCE27A115
1A04602AD91DBB96,5BD6A4EE56A73320
0CF3345C3D8B5745,C9B79EBF778FE972
028E2A567222578B,C9B79EBF778FE972
E6CC45472366FD60,C9B79EBF778FE972
B19518A031AB50E1,75556553A5F08E4C
B19518A031AB50E1,75556553A5F08E4C
F4B8B33EC084E38C,75556553A5F08E4C
F4B8B33EC084E38C,75556553A5F08E4C
87E22D89433B0B36,368BB2EF1243A436
87E22D89433B0B36,368BB2EF1243A436
BFCCA380B902345D,5BD6A4EE56A73320
FE60C6BA4D4072B0,5CE8EFB41E0515D7
BF70667AD0AA66D0,5BD6A4EE56A73320
8DA2760716B0CAD3,5BD6A4EE56A73320
B1E79C4C2C9BF248,5BD6A4EE56A73320
12A56830F8203E80,95D565EF66E7DFF9
12A56830F8203E80,95D565EF66E7DFF9
12A56830F8203E80,95D565EF66E7DFF9
EAC8E8E6831D771E,5BD6A4EE56A73320
C24E982ABD9C2A8E,C364D5CFCE27A115
6DA7CAC0EF5496C0,C364D5CFCE27A115
E758E0151B03A4A8,5CE8EFB41E0515D7
96F393A2F314278B,460ABAE584E27A2A
9263FDF0AEF67BEB,8D88EA131D85C17E
8362459C36858972,75556553A5F08E4C
8362459C36858972,75556553A5F08E4C
9C87BF5715DE6B4C,5CE8EFB41E0515D7
BB012771C423F21B,C9B79EBF778FE972
AAD5FB4776DE8DFD,8D88EA131D85C17E
AA1579F74FAE3CBC,99BA9780D7CEBA09
474327CDE9F640AE,5BD6A4EE56A73320
99572392D32862BA,75556553A5F08E4C
99572392D32862BA,75556553A5F08E4C
BC8584883106108C,5BD6A4EE56A73320
C3E13D06182AFEF5,368BB2EF1243A436
C3E13D06182AFEF5,368BB2EF1243A436
A0E5D66BE53C5BC0,137346825DFD71FE
4FA8AE7FC83729FB,75556553A5F08E4C
4FA8AE7FC83729FB,75556553A5F08E4C
CE9CFE7256EB5282,C364D5CFCE27A115
BBAEE97EE89D064B,BECA51082AEC472A
CCEB5FE35982DC80,368BB2EF1243A436
A45CF4A25B3980F4,368BB2EF1243A436
8E26CDF19991439E,368BB2EF1243A436
073EF2E0292F42B9,5BD6A4EE56A73320
D3A170D90B64452A,368BB2EF1243A436
6EB535C725802748,368BB2EF1243A436
D8D8D3756B7A1F9A,368BB2EF1243A436
03FFDCABE17339D5,8D88EA131D85C17E
E7B71B27338ED8DB,5BD6A4EE56A73320
82C6F741689BE1B9,99BA9780D7CEBA09
22E1EAA23000FBBE,C364D5CFCE27A115
1F213162A485A917,99BA9780D7CEBA09
E766B7ED25D20F80,5CE8EFB41E0515D7
4B0D034AA28F1AE0,5CE8EFB41E0515D7
5DEFE2F06EF33298,368BB2EF1243A436
FE0B0D9B3AC6DC4C,460ABAE584E27A2A
88FBC58780452455,368BB2EF1243A436
7AF1A1CE1167C507,5BD6A4EE56A73320
780DE15E5DA1460C,897D8CD74D249C84
1C22C63F6A8FB7D2,C9B79EBF778FE972
3C4F9E66B0A2D2E2,99BA9780D7CEBA09
E0FB8014243BC3BB,99BA9780D7CEBA09
860E686C95ECCE81,368BB2EF1243A436
1E033A8B635CF14E,BECA51082AEC472A
02B80B0D667E6B2E,368BB2EF1243A436
0BAF984F14AF891D,5BD6A4EE56A73320
2135BC1DC896B8FC,368BB2EF1243A436
B5FCF3A09D5571A9,BECA51082AEC472A
3B5B4F3543AEDC96,368BB2EF1243A436
65F5A7F0A4EA2E43,137346825DFD71FE
B62DD0E2E407E5A7,368BB2EF1243A436
D4FAC0B17FBCF83D,5CE8EFB41E0515D7
8F41D59955D7D8C1,8D88EA131D85C17E
F5E36847963397C7,75556553A5F08E4C
F5E36847963397C7,75556553A5F08E4C
C3B78111C289459B,75556553A5F08E4C
C3B78111C289459B,75556553A5F08E4C
7C55F15082E6E19A,8D88EA131D85C17E
587931D377C9EC3E,5BD6A4EE56A73320
61D58B1C5EA8BF4A,368BB2EF1243A436
3F2DBA57F45B09D1,368BB2EF1243A436
A84508EFDE8AAFED,368BB2EF1243A436
713EBC0C6386E994,368BB2EF1243A436
216E39FDAC3628F7,368BB2EF1243A436
033108BE0171EE38,368BB2EF1243A436
643B14E7B7E285BD,368BB2EF1243A436
DB12AFC2439C3643,368BB2EF1243A436
9344466825509EC7,368BB2EF1243A436
4010BA22FABDD643,368BB2EF1243A436
5151557E0D5787C8,368BB2EF1243A436
A21002DD19A58F43,A548C152FF0DE9AB
57305D67A7CC9F53,5CE8EFB41E0515D7
CD8ABE4DF8C6BFB4,368BB2EF1243A436
8447CA2AE2129EE4,460ABAE584E27A2A
18F99864781D20B4,368BB2EF1243A436
282A946AD7BEC94E,368BB2EF1243A436
A1571B60202FF550,C364D5CFCE27A115
F8B9CFD018985237,5BD6A4EE56A73320
346DA4C8C1BC4FE9,5CE8EFB41E0515D7
68215A7F0AD56F49,8D88EA131D85C17E
32467861556A8B78,5CE8EFB41E0515D7
B170A017D04A1771,5CE8EFB41E0515D7
46628669967B4684,5BD6A4EE56A73320
ECE77A612301D17C,5BD6A4EE56A73320
1AF5C1120CFF697F,5BD6A4EE56A73320
A1EAC977CE712519,5BD6A4EE56A73320
3555E943B7E36601,99BA9780D7CEBA09
DF4FF3BEFBEDA097,8D88EA131D85C17E
D905AE52B614B674,99BA9780D7CEBA09
678AC7933DF9E4EA,99BA9780D7CEBA09
C278965D93D108F5,BECA51082AEC472A
7534BA1081DF6B35,5BD6A4EE56A73320
C954675170247337,5CE8EFB41E0515D7
B0EBA3830BE7C205,5CE8EFB41E0515D7
FBEF6692F2A39371,5BD6A4EE56A73320
45504E14015CFE09,99BA9780D7CEBA09
45504E14015CFE09,99BA9780D7CEBA09
A5DFCBE7D054C19F,5CE8EFB41E0515D7
2BA2DC21A1A7D12A,99BA9780D7CEBA09
65035E359093A90F,99BA9780D7CEBA09
51FC5A32F9ED107E,99BA9780D7CEBA09
768799804EB0817B,75556553A5F08E4C
768799804EB0817B,75556553A5F08E4C
AEF896CC1E9C8CEB,5CE8EFB41E0515D7
BCBB4995E5C1E868,C364D5CFCE27A115
640D30CC16D25F25,5CE8EFB41E0515D7
C9EC1DF72EBCDFE9,BBC826F2600D6108
466C2949A931CB70,368BB2EF1243A436
D5F8ECDC53112322,368BB2EF1243A436
119EB6FBAB3569B4,368BB2EF1243A436
78D3EA6469AD5E20,137346825DFD71FE
55013105C138C418,368BB2EF1243A436
2BF5EC026CEAB9D3,137346825DFD71FE
CD0833A3FD3F1398,368BB2EF1243A436
4ACD6AE2FAA373B0,460ABAE584E27A2A
A6A9174EB21725DA,BECA51082AEC472A
8E5BAA27E58193D3,368BB2EF1243A436
8E5BAA27E58193D3,368BB2EF1243A436
084D803C5C69F6C4,C364D5CFCE27A115
AEF32CDEF1FAC545,5CE8EFB41E0515D7
529F22A19620F642,5BD6A4EE56A73320
96474D327883CCFD,5BD6A4EE56A73320
4C3E866DA5ACA24E,368BB2EF1243A436
3E260C4E61590948,C364D5CFCE27A115
B1AB8AA2A74E39AC,368BB2EF1243A436
B9A8B5BC98C80986,368BB2EF1243A436
B9A8B5BC98C80986,368BB2EF1243A436
44847A33FBE4AAE3,C364D5CFCE27A115
F55584138AF50AAC,368BB2EF1243A436
23364B44B0768287,368BB2EF1243A436
9E67FB2ED2F168B8,5CE8EFB41E0515D7
9E67FB2ED2F168B8,5CE8EFB41E0515D7
F137856331407006,368BB2EF1243A436
606DD2F940CDFE4C,368BB2EF1243A436
15DE814F9F32E783,137346825DFD71FE
004D90F999E3ACB4,368BB2EF1243A436
4DA0866F092AA0F2,75556553A5F08E4C
4DA0866F092AA0F2,75556553A5F08E4C
5A6C079FBD5C5261,8D88EA131D85C17E
780CC60093053F00,75556553A5F08E4C
780CC60093053F00,75556553A5F08E4C
7669C436003B740B,75556553A5F08E4C
7669C436003B740B,75556553A5F08E4C
3A6EC7B4FC03AB38,368BB2EF1243A436
DC11CE81C6B321FC,A548C152FF0DE9AB
F148D63069BA77D2,C364D5CFCE27A115
C04F1CEAEE3DA4D8,368BB2EF1243A436
C04F1CEAEE3DA4D8,368BB2EF1243A436
40FE31E29DCF33A6,C9B79EBF778FE972
E6B1D858EB10003E,C9B79EBF778FE972
133C589F060A24CF,368BB2EF1243A436
A0AB7E1BF3C84625,99BA9780D7CEBA09
3D5961DF9F75B65E,5CE8EFB41E0515D7
D6E3FBFAD8301197,C9B79EBF778FE972
253F4772F5BD3331,460ABAE584E27A2A
39113518E535CE35,5CE8EFB41E0515D7
E5710C0AAED09630,8D88EA131D85C17E
C36BE78813739A73,368BB2EF1243A436
FA9F9380A6752D05,368BB2EF1243A436
B5114BBDDDA9678F,368BB2EF1243A436
432884E180E48C49,368BB2EF1243A436
C4F9B17D4C1CEF0B,368BB2EF1243A436
1185FDAE86F37D5D,137346825DFD71FE
16DE720B68BE1F8D,C364D5CFCE27A115
DB9CD5AED8BC390B,5CE8EFB41E0515D7
3D23C12905166C1B,897D8CD74D249C84
A0F4B44705FD23B7,5CE8EFB41E0515D7
368EC3AC345A97C6,5BD6A4EE56A73320
4E066670CEDDE815,BECA51082AEC472A
6DA8B85C7E1B69EF,897D8CD74D249C84
D8567B561F9B0876,C9B79EBF778FE972
DCAA8E72DA759109,C9B79EBF778FE972
070ABE9CBBB7ABBB,460ABAE584E27A2A
4259B895EC7BBB3D,897D8CD74D249C84
20479A3B581A7AFC,5BD6A4EE56A73320
33220265AB8B6DB4,BECA51082AEC472A
B3CF5379A59171EB,BECA51082AEC472A
EBFD518AB8FC5C1A,D553D83E05567F7F
65EB11C275EE8928,C9B79EBF778FE972
C9CF039D8F91D367,897D8CD74D249C84
A9FE49CA4919B074,5CE8EFB41E0515D7
CBE5D4225D18C57C,C364D5CFCE27A115
2D8783A7CB39AF38,A548C152FF0DE9AB
2586F4FE2F0AE5A6,137346825DFD71FE
AF309E5E9093083D,368BB2EF1243A436
ECB6C63265364A62,137346825DFD71FE
23EF17499E08BD32,C9B79EBF778FE972
C2DD51D0D3E8DFAB,5CE8EFB41E0515D7
13331647963E22D3,5CE8EFB41E0515D7
51DA8CB4D35A6209,897D8CD74D249C84
EB82D474472718CB,897D8CD74D249C84
01239CC5573481FA,897D8CD74D249C84
AB09BD8CD3A4F469,5CE8EFB41E0515D7
AA7C82D47B77C208,99BA9780D7CEBA09
3A2787A1C8BA07D1,99BA9780D7CEBA09
B79FCDFE38C2225C,BECA51082AEC472A
F97906F41BA9FFA4,460ABAE584E27A2A
E3D8D51469DD6875,897D8CD74D249C84
23803BA061D32122,C9B79EBF778FE972
0660D0083B078B11,368BB2EF1243A436
0660D0083B078B11,368BB2EF1243A436
100B6DD9A270F95D,5CE8EFB41E0515D7
C720D17035E8F4FA,897D8CD74D249C84
60FF5004069A7749,368BB2EF1243A436
60FF5004069A7749,368BB2EF1243A436
6514D6988EB4B90F,5CE8EFB41E0515D7
4DD98F4AC3C6C0D6,460ABAE584E27A2A
CE3F3763996DB66F,C9B79EBF778FE972
2466DF1E407C1181,C364D5CFCE27A115
FF5AE5DA2D6D7041,897D8CD74D249C84
B695E5414C291661,75556553A5F08E4C
B695E5414C291661,75556553A5F08E4C
234D08D740AE860F,897D8CD74D249C84
39FC57EFB0EFCC09,C9B79EBF778FE972
2014F6665F408519,368BB2EF1243A436
C54D49E2949D2593,BECA51082AEC472A
3FC7F239A99A257E,C364D5CFCE27A115
22674C1E606BB819,368BB2EF1243A436
7A07DFDED6DFF79F,C364D5CFCE27A115
AD0C6F4EF7CBFDF7,368BB2EF1243A436
AD0C6F4EF7CBFDF7,368BB2EF1243A436
70CAAD560DD66A89,95D565EF66E7DFF9
70CAAD560DD66A89,95D565EF66E7DFF9
70CAAD560DD66A89,95D565EF66E7DFF9
70CAAD560DD66A89,95D565EF66E7DFF9
70CAAD560DD66A89,95D565EF66E7DFF9
5D7417615700B9F1,C364D5CFCE27A115
55EEFDAF690866F2,BECA51082AEC472A
3286195C14416FA0,BECA51082AEC472A
5B4C779E55D9D865,5BD6A4EE56A73320
B934887693C828F0,368BB2EF1243A436
7B7696A93BCAE2C4,5BD6A4EE56A73320
0F17A55A76035111,368BB2EF1243A436
5FDC0954CAF3F75F,137346825DFD71FE
296D04D4B930E89A,C364D5CFCE27A115
EE4AC7A3659E947A,5CE8EFB41E0515D7
AB9093144F6B044A,C364D5CFCE27A115
6ECE524AA97E7F42,C364D5CFCE27A115
60539BD507AFBD4A,5BD6A4EE56A73320
042F40913085E3D6,99BA9780D7CEBA09
73BA3383D62CC3BB,C364D5CFCE27A115
6CD0512606233D11,5CE8EFB41E0515D7
6CD0512606233D11,5CE8EFB41E0515D7
1020CDF90CDC8852,C364D5CFCE27A115
E260AE8BEE3025F1,8D88EA131D85C17E
F2CBB2E9781BE47F,5CE8EFB41E0515D7
429D05E95B565383,99BA9780D7CEBA09
2F589C2F0564407E,BBC826F2600D6108
08AF8190F072EA37,99BA9780D7CEBA09
0BEFCFF399563A2A,C364D5CFCE27A115
EBE11459C4079A70,5CE8EFB41E0515D7
C3777B87322535EF,C364D5CFCE27A115
3729A166042DCFF0,C364D5CFCE27A115
C41FF190143EF796,C364D5CFCE27A115
CB1672B43CDE467A,5CE8EFB41E0515D7
7A246F7A4B94B616,5BD6A4EE56A73320
E859981C7BA44BD8,5CE8EFB41E0515D7
B4F16472F0568259,99BA9780D7CEBA09
A82492AC936016FD,C364D5CFCE27A115
7A9C85569438AEFA,8D88EA131D85C17E
0469576EB329823E,5CE8EFB41E0515D7
0469576EB329823E,5CE8EFB41E0515D7
AF322AF74F05B474,99BA9780D7CEBA09
6E74544ADDBA8687,C364D5CFCE27A115
78E2087BA7645C9A,99BA9780D7CEBA09
817F0A29B9511F48,C364D5CFCE27A115
08F976E3F14E37C8,C364D5CFCE27A115
29C41CE52ABFBBB4,99BA9780D7CEBA09
8EE89C598ABEEC99,C364D5CFCE27A115
830F887CE3EA8D0C,C364D5CFCE27A115
834044D2A9C4937B,C364D5CFCE27A115
ED37D5EF8A67EB1A,C364D5CFCE27A115
E214C35FF042DC34,5CE8EFB41E0515D7
7C2D0576AD7F08A4,C364D5CFCE27A115
3F7B289D7DC9593B,C364D5CFCE27A115
8A8065C8CCA7A12C,5BD6A4EE56A73320
BA0D140F3A6E5571,C364D5CFCE27A115
32D2878850391109,C364D5CFCE27A115
BF1968B1009650C8,C364D5CFCE27A115
6E1D0F63D0E7EAE1,99BA9780D7CEBA09
D74E02C2906E34C2,8D88EA131D85C17E
9A542D8C3E3F578F,5CE8EFB41E0515D7
9A542D8C3E3F578F,5CE8EFB41E0515D7
77189275754A434A,99BA9780D7CEBA09
77189275754A434A,99BA9780D7CEBA09
67FC1C6D4E0F4FDE,C364D5CFCE27A115
C0CDEC5E1B8BF1D2,C364D5CFCE27A115
6300395EED15A037,C364D5CFCE27A115
7060236C39580884,C364D5CFCE27A115
1D60B85E1527EFB5,C364D5CFCE27A115
B4FB58EAE3941CAB,C364D5CFCE27A115
A47520AA3991B13C,C364D5CFCE27A115
D1E593017F59E009,5A4611C12A9922B6
C8C78E074AE111BB,5A4611C12A9922B6
6681509267601EEC,5A4611C12A9922B6
C846BB852E8AD545,5A4611C12A9922B6
57C9A53DDC4B802C,5A4611C12A9922B6
E5D8A6DC4E6CDCC2,5A4611C12A9922B6
79E663535BD5D4DF,5A4611C12A9922B6
C55C7F9A32BE447B,5A4611C12A9922B6
D039E8AE7093AEF7,5A4611C12A9922B6
9859EB08AE050A49,5A4611C12A9922B6
359E66DAFDFCD11C,5A4611C12A9922B6
7BAB15932377E55A,5A4611C12A9922B6
E91258971BD9D0F6,5A4611C12A9922B6
9F3E890FD8375481,5A4611C12A9922B6
8C465EAB921E3F0D,5A4611C12A9922B6
AA2263C10F7379D4,5A4611C12A9922B6
0497342CEEA72A47,5BD6A4EE56A73320
451A566FD7AC8E77,99BA9780D7CEBA09
9A6B2BC5A086F9AB,5BD6A4EE56A73320
4F6D02DA1F518F8F,99BA9780D7CEBA09
4B605E5894246245,5BD6A4EE56A73320
2F5E976E18839740,5BD6A4EE56A73320
0B605F99428151A1,99BA9780D7CEBA09
8BF2BFD95220DB41,99BA9780D7CEBA09
9C027F17D88088F4,5BD6A4EE56A73320
B5C25BCE3C3389E8,C364D5CFCE27A115
8FD496C4BC411081,C364D5CFCE27A115
038E64E0E53207F4,5BD6A4EE56A73320
5275DCB1B3699FBD,99BA9780D7CEBA09
3350EB0106C83A5F,5BD6A4EE56A73320
E17C10187E1E03CD,5BD6A4EE56A73320
D20EB47977F0F753,C364D5CFCE27A115
6367EA515A94909A,5BD6A4EE56A73320
2FE8331016F0CB6B,5BD6A4EE56A73320
50E98C47E3A550C0,5BD6A4EE56A73320
EE1394C982093064,C364D5CFCE27A115
6C6A43BF23E55657,99BA9780D7CEBA09
4569A9855224A528,C364D5CFCE27A115
F6FC713232C12026,5BD6A4EE56A73320
80618F1A82EFF0FF,5BD6A4EE56A73320
0B13F6E8F6295408,99BA9780D7CEBA09
4D667CEF5CFABFB5,99BA9780D7CEBA09
17C5855CC996EDAD,99BA9780D7CEBA09
A637953053380880,99BA9780D7CEBA09
84B91241805BBC5C,99BA9780D7CEBA09
84B91241805BBC5C,99BA9780D7CEBA09
FAA3545FE3FEDE03,99BA9780D7CEBA09
34B75AEA2F3C6369,C364D5CFCE27A115
E472BCAAF74A7064,99BA9780D7CEBA09
9D046EE2409818C1,C364D5CFCE27A115
69D5021BFC274EA3,99BA9780D7CEBA09
4971CFB96565695E,5BD6A4EE56A73320
C07693447AEC12AA,C364D5CFCE27A115
55555D48DE1655BC,C364D5CFCE27A115
4CCB7DBAD935C0A9,C364D5CFCE27A115
759F48DF4765686A,99BA9780D7CEBA09
30FD372FB64C31B5,C364D5CFCE27A115
B7A80D6CAB9C3384,C364D5CFCE27A115
6EB7354EEBB33FB2,C364D5CFCE27A115
58EF3F97CF899C3A,C364D5CFCE27A115
6836A79D08BD730C,C364D5CFCE27A115
ADE9A183F82D6CDA,C364D5CFCE27A115
713D9FCAF682E0EC,C364D5CFCE27A115
1B157B61C5287F7D,C364D5CFCE27A115
35DE982B12C7A31F,95D565EF66E7DFF9
35DE982B12C7A31F,95D565EF66E7DFF9
35DE982B12C7A31F,95D565EF66E7DFF9
35DE982B12C7A31F,95D565EF66E7DFF9
35DE982B12C7A31F,95D565EF66E7DFF9
BB1BB11D30209FA0,C364D5CFCE27A115
5E7575428A726CEC,C364D5CFCE27A115
5B05CF29072ADB50,C364D5CFCE27A115
FD49E87DA111C817,95D565EF66E7DFF9
FD49E87DA111C817,95D565EF66E7DFF9
FD49E87DA111C817,95D565EF66E7DFF9
FD49E87DA111C817,95D565EF66E7DFF9
FD49E87DA111C817,95D565EF66E7DFF9
FD49E87DA111C817,95D565EF66E7DFF9
FD49E87DA111C817,95D565EF66E7DFF9
FD49E87DA111C817,95D565EF66E7DFF9
E8CA3C0A8CD867B6,99BA9780D7CEBA09
6C5EB4AF61F2429A,C364D5CFCE27A115
9CEC353B46E57DBF,5BD6A4EE56A73320
3AF2CFC75E14C623,C364D5CFCE27A115
CCFA24B56D7822BB,C364D5CFCE27A115
500D514F8DB731A2,99BA9780D7CEBA09
9852B88A4C2F9BD5,5BD6A4EE56A73320
C41025355248D6F8,C364D5CFCE27A115
CDB023DE23DFA1AB,5BD6A4EE56A73320
9452221171B586C4,368BB2EF1243A436
9452221171B586C4,368BB2EF1243A436
5450A0338C71FA8C,368BB2EF1243A436
5450A0338C71FA8C,368BB2EF1243A436
0148E038C85D3D21,99BA9780D7CEBA09
D0AD027FF6DD04D6,5CE8EFB41E0515D7
D0AD027FF6DD04D6,5CE8EFB41E0515D7
3E34C13ABB19135F,C364D5CFCE27A115
AABFE105D5F39499,5BD6A4EE56A73320
0B6CA90C4FD83B42,C364D5CFCE27A115
55EFCCB3D4AF7A28,5BD6A4EE56A73320
8245A2013BB05A52,368BB2EF1243A436
8245A2013BB05A52,368BB2EF1243A436
25569E7BD9189402,75556553A5F08E4C
8B865750F54C794C,5BD6A4EE56A73320
718C7AD35EF72848,C364D5CFCE27A115
7BBD797811AB6806,C364D5CFCE27A115
7BBD797811AB6806,C364D5CFCE27A115
C437F27A4364A0B0,5BD6A4EE56A73320
B421720F047AB72B,5BD6A4EE56A73320
DE4C22663789A9C2,5BD6A4EE56A73320
FD5D64E07FF9DE1A,5BD6A4EE56A73320
DFA1CD4D85D2C930,99BA9780D7CEBA09
736092664A595D44,5BD6A4EE56A73320
26244F8DAD1A7EF2,C364D5CFCE27A115
E96416940B510EAA,F40307B86DFA7716
E96416940B510EAA,F40307B86DFA7716
16B86016C38146E5,C364D5CFCE27A115
0C9BC623D9CD2368,99BA9780D7CEBA09
805043DC62AF436A,5BD6A4EE56A73320
3EABA1B09D503BBD,C364D5CFCE27A115
48E84FD649C6B505,5BD6A4EE56A73320
58CD1DE2CEADE424,5BD6A4EE56A73320
4FE774620BBA3534,C364D5CFCE27A115
1EF56E72A1A86B4D,C364D5CFCE27A115
D3C54AB4369942F8,C364D5CFCE27A115
75DDACAD2D480A3F,5BD6A4EE56A73320
A80FE68C05FFBF34,99BA9780D7CEBA09
31C810A96ADB64E1,C364D5CFCE27A115
BC557C00A8CD73D6,99BA9780D7CEBA09
4239B9D05511C71D,C364D5CFCE27A115
D3A72CE7185B1F25,99BA9780D7CEBA09
D3A72CE7185B1F25,99BA9780D7CEBA09
6B0DC4D7CF7C9309,5BD6A4EE56A73320
E31943046C5520ED,C364D5CFCE27A115
7D01AC1918C69C72,99BA9780D7CEBA09
1342DF97A713D900,99BA9780D7CEBA09
A82DCC5AB6F8AA30,5BD6A4EE56A73320
B152B15B50CEBBFE,99BA9780D7CEBA09
26BCB44B45F92E30,5BD6A4EE56A73320
740E28C22D668702,5BD6A4EE56A73320
9ED4F532A7AAC98C,99BA9780D7CEBA09
4577FE744FC30995,5BD6A4EE56A73320
D3A781C03C32F949,368BB2EF1243A436
D3A781C03C32F949,368BB2EF1243A436
940074CD206F810E,BECA51082AEC472A
D75163A9F16449D4,5BD6A4EE56A73320
763BF719487326C6,C364D5CFCE27A115
B14A176A88F942CC,368BB2EF1243A436
B14A176A88F942CC,368BB2EF1243A436
27ECC11855432C5C,5BD6A4EE56A73320
1361D52D87137C62,5BD6A4EE56A73320
519E9554120EA4B7,5BD6A4EE56A73320
5F00911E531F5C7C,5BD6A4EE56A73320
AD287EABC0F16F69,C364D5CFCE27A115
90CFC112FFCE4C98,5BD6A4EE56A73320
3B97CF6253E1BA31,C364D5CFCE27A115
FBDB63D42AD83C19,5BD6A4EE56A73320
295432237EF67E77,99BA9780D7CEBA09
D329B0C1C99C8AA2,5BD6A4EE56A73320
F21D2DEF1E7D1A15,5BD6A4EE56A73320
F21D2DEF1E7D1A15,5BD6A4EE56A73320
A4B021E2D2BB6EA3,368BB2EF1243A436
A4B021E2D2BB6EA3,368BB2EF1243A436
1C22539835349146,368BB2EF1243A436
1C22539835349146,368BB2EF1243A436
2581FED456BAE0F6,99BA9780D7CEBA09
8F57EA7E3179F9CD,5BD6A4EE56A73320
6D64E44B977C93DA,5BD6A4EE56A73320
F7739336A5F629D6,5BD6A4EE56A73320
C6848B40BEFF7350,C364D5CFCE27A115
83070B7F6AE85642,BECA51082AEC472A
FB31E35FF99AAE26,368BB2EF1243A436
FB31E35FF99AAE26,368BB2EF1243A436
178BCE81B83E903B,368BB2EF1243A436
178BCE81B83E903B,368BB2EF1243A436
85F1F0051639573F,5BD6A4EE56A73320
3F94F08053E5089F,C364D5CFCE27A115
EE4C0E9DAE2CDF11,BECA51082AEC472A
8F661B280DB1B9C3,C364D5CFCE27A115
1EF837A89368FF67,C364D5CFCE27A115
11CA607B488D2A1F,99BA9780D7CEBA09
440D0FBA42C48E4D,C364D5CFCE27A115
7C2FFCA1E026D4DA,C364D5CFCE27A115
6E75F4B534D79C8C,5CE8EFB41E0515D7
0C3A21A6D091EFDC,5BD6A4EE56A73320
7EE54B38D65A0B3E,C364D5CFCE27A115
26382F9A7DA9F7A3,99BA9780D7CEBA09
BECA44B21335B105,5BD6A4EE56A73320
D489B1E1C53D47F9,5BD6A4EE56A73320
9C5AFDA281224215,99BA9780D7CEBA09
62EA29007F517E9C,99BA9780D7CEBA09
794E7167F88CD943,5CE8EFB41E0515D7
794E7167F88CD943,5CE8EFB41E0515D7
0230D4BA0CEECDF3,99BA9780D7CEBA09
C31A46B4F023DAE8,BECA51082AEC472A
FADEBF7CBF581575,5BD6A4EE56A73320
917C9428D7DA2B64,BECA51082AEC472A
6F75547808F01696,C364D5CFCE27A115
D6F2A4D9BD79AB02,C364D5CFCE27A115
C6D8C5B921E9620A,5BD6A4EE56A73320
46702F321A643745,5BD6A4EE56A73320
B43A9E5870C7F141,99BA9780D7CEBA09
65F0E3D7CE7712DC,C364D5CFCE27A115
BC8E348BA0D9203F,99BA9780D7CEBA09
0FFA24D61C421204,C364D5CFCE27A115
E046A52A6174B86C,C364D5CFCE27A115
D59D6C93674A6DD6,5BD6A4EE56A73320
DCEC25AF3FDC617A,5BD6A4EE56A73320
C388AC0F21620FB0,99BA9780D7CEBA09
DE68F403103AC405,C364D5CFCE27A115
2FE7F509B8213D79,99BA9780D7CEBA09
6CE12712C40EE5D1,99BA9780D7CEBA09
4B59D0071FE1261D,C364D5CFCE27A115
BEC424BD73E79D5D,C364D5CFCE27A115
14E0AD363C619630,C364D5CFCE27A115
A11910D0EEE0967F,C364D5CFCE27A115
9032C92E3559B641,C364D5CFCE27A115
5D8D5551D110E064,C364D5CFCE27A115
A3E9A968A65B5D99,C364D5CFCE27A115
7EE7398093913D68,5BD6A4EE56A73320
ECB9498E57858243,5BD6A4EE56A73320
ACEEDA5D00016DB3,5BD6A4EE56A73320
3A789EBE702A4D64,99BA9780D7CEBA09
29C6F745F35C22BC,99BA9780D7CEBA09
9E2D1AB99CF2E997,5BD6A4EE56A73320
05F669E0FAE1714A,99BA9780D7CEBA09
8988038C7D1DEC99,BBC826F2600D6108
965F9D57ECE2C36C,8DCE640448C407B9
A7FF75C91505C615,C364D5CFCE27A115
3FE9405832091627,5BD6A4EE56A73320
B7456A6ACA8ACFFA,C364D5CFCE27A115
8CF824AD9A92E279,C364D5CFCE27A115
0C7530DB81B1EE55,99BA9780D7CEBA09
B749B703408D8189,5BD6A4EE56A73320
F4C83647FDBF6050,C364D5CFCE27A115
F5EFF81ABE657394,C364D5CFCE27A115
8229F12044F78D0D,C364D5CFCE27A115
85E6C9B58800C85E,C364D5CFCE27A115
8CB646F297C86FE6,C364D5CFCE27A115
0CBEA048B95B4B73,C364D5CFCE27A115
D411A8F2D845196B,5BD6A4EE56A73320
BF58159923C30F3F,5BD6A4EE56A73320
BA869233B2E3BDD2,5BD6A4EE56A73320
B118D427120731A7,C364D5CFCE27A115
A959856CEB2CDA1E,99BA9780D7CEBA09
7C75DBF363DE8A0C,C364D5CFCE27A115
6231107D1665415C,C364D5CFCE27A115
FDE707F573F7B850,C364D5CFCE27A115
BBF5368F09FA2A3F,C364D5CFCE27A115
68DC74CBFBCE1A69,C364D5CFCE27A115
A3C9D247C3EDF5C8,C364D5CFCE27A115
932EEC41D6FC9B7F,5BD6A4EE56A73320
8C94B9890C79A916,5BD6A4EE56A73320
2D15553221A613DF,5BD6A4EE56A73320
1C27D93181FDEAEF,C364D5CFCE27A115
5CD467693601377D,99BA9780D7CEBA09
59B48CCD4EE0AA92,99BA9780D7CEBA09
FB26263FB5611CB3,C364D5CFCE27A115
774FAF25637BBC2A,C364D5CFCE27A115
9483A945F102C4CE,5BD6A4EE56A73320
FCE2BFFA386C5B6E,C364D5CFCE27A115
A6FBD521C9E4FC0E,5CE8EFB41E0515D7
00529303819CBE33,5BD6A4EE56A73320
182509F881501B1E,99BA9780D7CEBA09
34C307A58DF3ED8A,99BA9780D7CEBA09
9453E245E93A6871,5BD6A4EE56A73320
D64B8AB5213AAFB7,BECA51082AEC472A
B074B590E4A9A683,C364D5CFCE27A115
0896814EE5958796,C364D5CFCE27A115
190769642AF0E446,5BD6A4EE56A73320
16C647C6D4010991,5BD6A4EE56A73320
8E00C87768F016F8,5BD6A4EE56A73320
7BBECE5603536CCD,5BD6A4EE56A73320
2DE0B8A951E94451,5BD6A4EE56A73320
356731300B8BD75D,5BD6A4EE56A73320
A4BBA2762F52CF16,99BA9780D7CEBA09
561CBDD39154289A,5BD6A4EE56A73320
2F6904466B0ADFC0,5BD6A4EE56A73320
781E932CB7C8314F,BBC826F2600D6108
79DA80836B51C98E,C364D5CFCE27A115
6ED4E043674C4A51,5BD6A4EE56A73320
6D265263CD54FBB3,5CE8EFB41E0515D7
DC33239B778583C0,C364D5CFCE27A115
CC454F94DD64A721,5BD6A4EE56A73320
D6FC1BB32B8B1044,5BD6A4EE56A73320
C8E53E1810D7E9F3,5BD6A4EE56A73320
96ACA8A8A3A59267,5BD6A4EE56A73320
18CF75FFC16EA25B,5BD6A4EE56A73320
B591D5753BCE8549,5BD6A4EE56A73320
5625E2F1908F0F57,5BD6A4EE56A73320
B15B6D44402BA674,5CE8EFB41E0515D7
B15B6D44402BA674,5CE8EFB41E0515D7
C6EF415204F4BDD8,C364D5CFCE27A115
CC363F4365A9BF54,99BA9780D7CEBA09
768F6BE4612274A5,99BA9780D7CEBA09
7926D1A0C1C0E24B,99BA9780D7CEBA09
CC8BC553CA7753DA,C364D5CFCE27A115
C05AFF6A90B454B9,99BA9780D7CEBA09
01CA9E7BB30F8E2F,C364D5CFCE27A115
57EEB456CEAE1DE7,5BD6A4EE56A73320
EFC82EFF5B25CA4F,5BD6A4EE56A73320
33A96C6AD5F65848,99BA9780D7CEBA09
C9D3DD8E534DF7A2,5BD6A4EE56A73320
5566C0CD1630F2A6,C364D5CFCE27A115
08BC6A18682B29F4,5BD6A4EE56A73320
589E610DBF3908C5,99BA9780D7CEBA09
BA99357B28734150,C364D5CFCE27A115
197D393C889763EB,C364D5CFCE27A115
07AFC0B9333D02A4,C364D5CFCE27A115
410C5F8F926D3696,5BD6A4EE56A73320
93E4B82D6F3A0CF7,C364D5CFCE27A115
769FC4C8BA8A2295,C364D5CFCE27A115
E2143B1A76CA1BE2,99BA9780D7CEBA09
BD309F0753F1C5F2,99BA9780D7CEBA09
C9216E31A537C9D4,5CE8EFB41E0515D7
C9216E31A537C9D4,5CE8EFB41E0515D7
D1FCBD1A8C605DBF,99BA9780D7CEBA09
FA1A1881B5CFC0D8,C364D5CFCE27A115
095A69B00C9F4108,C364D5CFCE27A115
A12D829382F3CD57,C364D5CFCE27A115
3CA567102A3587BF,C364D5CFCE27A115
AD022F732C7CDE36,5BD6A4EE56A73320
0AFE561862B929A0,C364D5CFCE27A115
A4A0E06C9FE98844,C364D5CFCE27A115
BE748320E2590217,C364D5CFCE27A115
CD0292D6C7F32571,C364D5CFCE27A115
CC2E6744D9C8CCDC,5BD6A4EE56A73320
56DBE2169ECFD0B8,C364D5CFCE27A115
592A58CE7C3481EF,C364D5CFCE27A115
D2EC8950C2E4F503,C364D5CFCE27A115
7FEB5BDF008186C5,C364D5CFCE27A115
54ED4D64647C7F7C,5CE8EFB41E0515D7
54ED4D64647C7F7C,5CE8EFB41E0515D7
123A93D9592436DE,C364D5CFCE27A115
B46F6D2D7F5116CE,C364D5CFCE27A115
CE75555A79275F25,C364D5CFCE27A115
A1F0A60E81DE3B80,C364D5CFCE27A115
7E0D7B42DDA5E8ED,99BA9780D7CEBA09
5CD8B73719A53C3F,C364D5CFCE27A115
2940E6D33753DABD,C364D5CFCE27A115
03522045C8F1CD1F,C364D5CFCE27A115
1621535D0A66CB49,C364D5CFCE27A115
EDC5014443760D6D,C364D5CFCE27A115
569D785486A75C11,99BA9780D7CEBA09
4FCBFB27C3910206,C364D5CFCE27A115
7C7E9E4A60F15E87,5CE8EFB41E0515D7
7C7E9E4A60F15E87,5CE8EFB41E0515D7
5A5F48990A69366D,99BA9780D7CEBA09
9B17514CFD08FC9B,C364D5CFCE27A115
A5DE8DCF3D521D0C,C364D5CFCE27A115
DA3DF09B1EED9C59,5CE8EFB41E0515D7
DA3DF09B1EED9C59,5CE8EFB41E0515D7
1BCC5369055805BF,C364D5CFCE27A115
6C6F8DDEC57B3381,C364D5CFCE27A115
645FEB222BDB75EC,C364D5CFCE27A115
E249A6A08F4BF47F,C364D5CFCE27A115
186FBA52A907D3A7,C364D5CFCE27A115
A32E42E82949CBA9,99BA9780D7CEBA09
F97FA27D108E1C1A,99BA9780D7CEBA09
3E78F66917AB8E79,99BA9780D7CEBA09
F7B85E3844BF4A90,C364D5CFCE27A115
18AA8A6570038BEB,C364D5CFCE27A115
0E1415FAF062E7D7,C364D5CFCE27A115
C821F4B3E3EC10AD,8DCE640448C407B9
D74D6D961015E800,99BA9780D7CEBA09
FFEB53D9957349FF,5BD6A4EE56A73320
5440FA5FB2BF9B5A,5BD6A4EE56A73320
2AFEEAD4E327E024,99BA9780D7CEBA09
B4D28FF30D5533AF,99BA9780D7CEBA09
B01833AA78F5E85E,C364D5CFCE27A115
310EF2B5D5B94893,C364D5CFCE27A115
62908466E057CFB5,99BA9780D7CEBA09
451AED0EB049D986,5BD6A4EE56A73320
82082B03BCD5677B,99BA9780D7CEBA09
B331F955719F7F06,C364D5CFCE27A115
85DFFDF7B3397FB5,5CE8EFB41E0515D7
D2AD71C343A9CBAB,BBC826F2600D6108
555878C5DF604A1D,C364D5CFCE27A115
4DB4FDD07A915E7F,99BA9780D7CEBA09
6FAC561A5F177EAF,5BD6A4EE56A73320
B01B34E1AB3FC75E,C364D5CFCE27A115
6450338716993AC7,C364D5CFCE27A115
047D0AC646C03D8B,C364D5CFCE27A115
1CD7C54B7D8E4692,5BD6A4EE56A73320
EB766A6734BFC3E7,5CE8EFB41E0515D7
EB766A6734BFC3E7,5CE8EFB41E0515D7
24EAD386F1AC5DDE,C364D5CFCE27A115
E069612DB7AEB996,C364D5CFCE27A115
FF21D22A6A7B03F4,99BA9780D7CEBA09
EEB48E64CF290708,C364D5CFCE27A115
7CAD49C0695B2CDC,C364D5CFCE27A115
BDCA93E02C81D15E,5BD6A4EE56A73320
45037F3E036376F6,C364D5CFCE27A115
D5ED5FBB74871745,C364D5CFCE27A115
5962BC78D354B371,C364D5CFCE27A115
DB732129775EFECC,5BD6A4EE56A73320
F15DFAF156948576,6B42B86C40760529
4398DE3D92235ED3,6B42B86C40760529
9D390C7DAB0A8379,6B42B86C40760529
33257551EE0CB2F1,C67C7C838DB98D66
31D60EA06308DD91,C67C7C838DB98D66
688B02050AA97362,C67C7C838DB98D66
EE7B05B1A7BBE103,C67C7C838DB98D66
1F841B846EB98146,C67C7C838DB98D66
BC304975A47F645A,122698902D6A83B7
2CC3A76C7C46CA87,75556553A5F08E4C
BDAFC1F6DEDA953A,C67C7C838DB98D66
65C79DA0B680E6F4,122698902D6A83B7
FEB35B343ECA69FF,75556553A5F08E4C
0C04EDEB2C0BA44F,122698902D6A83B7
6056676CFA7A04DA,75556553A5F08E4C
C14A1B661B7BDD1F,122698902D6A83B7
FD4B8CE37A770F67,122698902D6A83B7
3552F6E16C0E6C07,122698902D6A83B7
01C6BF6F1FB87960,122698902D6A83B7
85C3BE5F6726C369,75556553A5F08E4C
688EF5B7017BBBF8,75556553A5F08E4C
48C907B6EF2CCA41,75556553A5F08E4C
19CE520B532CC8B6,75556553A5F08E4C
AC9AB15D38EB7E86,122698902D6A83B7
7A25C1E2DE11BE39,122698902D6A83B7
AC0383BC3783B33E,122698902D6A83B7
A55747356A259D8D,122698902D6A83B7
A55747356A259D8D,122698902D6A83B7
61F6120A83C591B9,122698902D6A83B7
364167CB0232472D,75556553A5F08E4C
4D1139C6C8E8939E,75556553A5F08E4C
36BD14DB723634F5,122698902D6A83B7
07CD3F57B5141A21,122698902D6A83B7
DCCA89E2FE9D9BBA,122698902D6A83B7
68F1FFA8267CF6F6,75556553A5F08E4C
C372746AE3E40781,122698902D6A83B7
B4624623A2E46C6A,122698902D6A83B7
9779EA7CB2418ECF,122698902D6A83B7
418A652F9989A24C,122698902D6A83B7
E58CFE9909860C79,122698902D6A83B7
A194E9C9518FFAE7,75556553A5F08E4C
5A98DC744DD38F61,122698902D6A83B7
E6B5822E6E808659,75556553A5F08E4C
7D8E0DB762AFA844,75556553A5F08E4C
CB8C26A38A882858,75556553A5F08E4C
DB860C4FCA793B15,75556553A5F08E4C
F1EC244B213EF33D,75556553A5F08E4C
E799582E0ABBD41F,122698902D6A83B7
E99381AAE84E11B9,122698902D6A83B7
6D31105E1E75E42F,122698902D6A83B7
3C6B2420105A1DBA,75556553A5F08E4C
5387D452E1F4D693,75556553A5F08E4C
4B19F8E50BADA688,122698902D6A83B7
6B003DBBFD363201,75556553A5F08E4C
0A18F021F2B99D53,75556553A5F08E4C
FD9F8C5D357B9D66,75556553A5F08E4C
33705ECF8DC4DBF9,75556553A5F08E4C
175AB3CA8C3B5998,75556553A5F08E4C
5426D77398731468,122698902D6A83B7
D29D2FADF45E0711,75556553A5F08E4C
787B0B8025292ED0,75556553A5F08E4C
7BCCF312F481EAB9,122698902D6A83B7
49B4881989DAEB93,122698902D6A83B7
8F45B1666186E769,75556553A5F08E4C
A58292C16902E1A6,75556553A5F08E4C
9AC53A9DEED9B75C,122698902D6A83B7
768412E56A1AFCBA,122698902D6A83B7
DE296FFE5E1C7965,75556553A5F08E4C
0693CB0165442560,75556553A5F08E4C
15FE3A96FF3F1D13,75556553A5F08E4C
EC3105B2A8B1AFC1,75556553A5F08E4C
041BD3E1A3A581AA,75556553A5F08E4C
7CF87EEC8872C5E8,75556553A5F08E4C
8989CA0CC412F689,122698902D6A83B7
EFC1685604D9207D,122698902D6A83B7
A1D2AE9FF5854D0B,75556553A5F08E4C
53B4D93FAE085CF3,122698902D6A83B7
F7F38C871D0BC38D,122698902D6A83B7
6168EF0243302CE1,75556553A5F08E4C
CEDE226FD79A1B13,122698902D6A83B7
B9EE1E084A0000BC,122698902D6A83B7
DD202E350DCA2203,122698902D6A83B7
92D9EB3010811806,75556553A5F08E4C
0D57B6C6FBF47228,122698902D6A83B7
4D5D9274EE977294,122698902D6A83B7
BCE990DDA5F187C6,122698902D6A83B7
86311C8AF07833F7,75556553A5F08E4C
94406A9154F72350,75556553A5F08E4C
F4D978F0A3DABAEC,6B42B86C40760529
3E7A07CA98F2100B,B79E5925C68D6E93
185739A9A4B2B612,6B42B86C40760529
277AAD59FE31C929,6B42B86C40760529
9FA3905F3599069D,6B42B86C40760529
6B3130028D763664,6B42B86C40760529
9EFC257511821CD1,6B42B86C40760529
AE587EA17935DBEA,6B42B86C40760529
7CB5F3F22B23E76E,6B42B86C40760529
F65D94937B1EED1A,6B42B86C40760529
7D822225A7945679,C67C7C838DB98D66
183F3240E417C4A2,6B42B86C40760529
9AC275CC28D76A53,6B42B86C40760529
85EE5392B8374BF3,6B42B86C40760529
B71F92C23ECB96F3,6B42B86C40760529
E14C2D385506017F,6B42B86C40760529
E3C6418088BDDEDF,6B42B86C40760529
FB39A0F469DC4FB1,6B42B86C40760529
50872828781CE199,6B42B86C40760529
92572682D8F2CF2A,6B42B86C40760529
BB9FA77830F07CFC,6B42B86C40760529
54E097EBE41F6408,6B42B86C40760529
5D16A67BFF46BFB6,6B42B86C40760529
AE0917E846DE1037,6B42B86C40760529
324CDFC6158CE33E,6B42B86C40760529
8F2127423BDC3D62,6B42B86C40760529
8894B53276DFAFBF,6B42B86C40760529
041768F579C9A829,6B42B86C40760529
FF278EFC410079BB,6B42B86C40760529
7CF58F4C931A73E9,B79E5925C68D6E93
4C69CD9E9461FE2C,B79E5925C68D6E93
1C13E6EC388778FD,75556553A5F08E4C
93C9F2913FBF998E,75556553A5F08E4C
48AD82D56D6DD7E7,75556553A5F08E4C
E7179D065C5C14C3,75556553A5F08E4C
DC271CCCF63BD7B0,75556553A5F08E4C
E021BC71086CF608,75556553A5F08E4C
EB0315DE81751EDC,75556553A5F08E4C
37B0586480991CA0,75556553A5F08E4C
59CE3BC69AFB5733,75556553A5F08E4C
B98186EFC90DBF21,75556553A5F08E4C
B98186EFC90DBF21,75556553A5F08E4C
A56FE7E6672500E5,75556553A5F08E4C
17B8B29120877020,122698902D6A83B7
829D47E34D434E5B,122698902D6A83B7
5C97B17B8C9DCBAB,122698902D6A83B7
64444AEA368321BE,122698902D6A83B7
A1E29666923DF0F2,122698902D6A83B7
9196CAFBB1403CF3,122698902D6A83B7
740CA4329DE2312A,122698902D6A83B7
874CF6D337468EA5,122698902D6A83B7
5A14C47B221B2B34,122698902D6A83B7
3E6D63A08A0042F5,122698902D6A83B7
0317D1A6E3E4BB58,122698902D6A83B7
337C77E3626DF726,122698902D6A83B7
BC16BE2B4B569AAD,122698902D6A83B7
A4BE56A0B06A4733,122698902D6A83B7
49F0DC24F784E3EE,122698902D6A83B7
9EAC3C0A3746CE77,122698902D6A83B7
0332E320847A241F,122698902D6A83B7
A021F4C776F94256,122698902D6A83B7
86A72ECECF722FB4,122698902D6A83B7
EEBDF70DB682B812,122698902D6A83B7
84E5B9D40AA1A2B3,958AD56B9FCD5965
84E5B9D40AA1A2B3,958AD56B9FCD5965
3B6EED0A4B0C1D1D,95D565EF66E7DFF9
3B6EED0A4B0C1D1D,95D565EF66E7DFF9
3B6EED0A4B0C1D1D,95D565EF66E7DFF9
3B6EED0A4B0C1D1D,95D565EF66E7DFF9
E4B857ABFE2C8AFE,958AD56B9FCD5965
E4B857ABFE2C8AFE,958AD56B9FCD5965
72B330D4677D05AB,122698902D6A83B7
835B82B20704329F,958AD56B9FCD5965
835B82B20704329F,958AD56B9FCD5965
EED69E240A45359D,122698902D6A83B7
31EBBD59E603068C,122698902D6A83B7
38187E11A04C18E3,122698902D6A83B7
C943F910427F5BC1,122698902D6A83B7
F972177965DE0D0B,958AD56B9FCD5965
F972177965DE0D0B,958AD56B9FCD5965
0A67D5E20F1C5763,122698902D6A83B7
1A68D29341FDBC4C,958AD56B9FCD5965
1A68D29341FDBC4C,958AD56B9FCD5965
E0B11D0AF1FAE348,122698902D6A83B7
9200E51814C28145,122698902D6A83B7
17B8B4F1482AFE92,122698902D6A83B7
8C55317158E9A80B,958AD56B9FCD5965
8C55317158E9A80B,958AD56B9FCD5965
3EC586CB778CEB2A,122698902D6A83B7
ED7F5AD046B2A88D,122698902D6A83B7
A8AB5C6C53CE116D,958AD56B9FCD5965
A8AB5C6C53CE116D,958AD56B9FCD5965
43FE9A7BC6B67A25,122698902D6A83B7
02325609D787EE1F,122698902D6A83B7
F3CBFA828C3EF319,122698902D6A83B7
1BC3D5D97BDD17A3,122698902D6A83B7
BC75068BC8991D57,122698902D6A83B7
9395EBFEE4C96B64,122698902D6A83B7
7DE3263226A69244,122698902D6A83B7
723424AD70D959F6,122698902D6A83B7
4184ED65190F33F9,122698902D6A83B7
F83D00E9972E1277,958AD56B9FCD5965
F83D00E9972E1277,958AD56B9FCD5965
10346B6FBDC765CD,A548C152FF0DE9AB
FDEE09ACC1037FC2,A548C152FF0DE9AB
9AA63725B4E07E90,A548C152FF0DE9AB
A735FAFF6519420D,A548C152FF0DE9AB
AE8060B48A9F9DAD,A548C152FF0DE9AB
1D5E04E1FB5EBD60,A548C152FF0DE9AB
B52BF2066ACFAF68,A548C152FF0DE9AB
99306C6D768F2E17,A548C152FF0DE9AB
226C7D772282C83F,A548C152FF0DE9AB
38A30E1232AC31AD,A548C152FF0DE9AB
B672FDD4D205A109,063285DCEE963AB7
225F4C6AB77387A4,063285DCEE963AB7
2056862C4D3CFE6F,063285DCEE963AB7
49175B3F86A0BD78,063285DCEE963AB7
3B55597C8920EA9A,063285DCEE963AB7
FCD1AEF36B0590B6,063285DCEE963AB7
57C73E2B21912331,063285DCEE963AB7
1696CD4D809B5358,063285DCEE963AB7
409B4ADB36C92A41,063285DCEE963AB7
22EB479A342079BF,063285DCEE963AB7
B5D077C6306A966D,063285DCEE963AB7
52245F00CB4855FF,063285DCEE963AB7
CB4BAC2C0B510C8C,063285DCEE963AB7
4CC909F961F1DE93,063285DCEE963AB7
85AA7BB5C9EFD6A8,063285DCEE963AB7
43E55CE7696542A0,063285DCEE963AB7
A9B30DFCD1966E95,063285DCEE963AB7
0FC9F08563B7EAAB,063285DCEE963AB7
A96E5DB9A623A695,063285DCEE963AB7
91A5ACD18643FD01,063285DCEE963AB7
66E79081517B3770,063285DCEE963AB7
60318368738982CC,063285DCEE963AB7
A9F7D52CEBF9E511,063285DCEE963AB7
E603107A37BB7997,063285DCEE963AB7
A413926F6AFF2F29,063285DCEE963AB7
5E013DAED2883AD1,063285DCEE963AB7
9F6F72466F29D0D4,063285DCEE963AB7
254F077FB4FD0575,063285DCEE963AB7
C760C06CBAD3DBC4,063285DCEE963AB7
30F1159B2D552BA9,063285DCEE963AB7
0D63A107B7581A91,95D565EF66E7DFF9
F28349AA2F68830A,95D565EF66E7DFF9
28AC72C04DE5593D,95D565EF66E7DFF9
