Name,Phone_number,Line_name,Car_id,Boarding_station,Alighting_station,Date,Time,Booking_seat,Number_of_passengers,Booking_time,Up/Down,Day
A3A9B74F49904E8C,9A847D2AA3A9B74F49904E8CBF2E056D,B929E7A58C958751,4486EC31935E8E98,D1CA25C1C26DD3D7,098BA1672AC21CEE,2020-02-15,21:10,|1D|,1,2020-02-15 20:44:56,1,15
4DC4A64D51352F55,E94560BF4DC4A64D51352F55C55615C9,DF631BFE99474EEC,781E932CB7C8314F,99DD7EEE7C2FA421,82D977416181506F,2020-02-24,07:25,|5A|,1,2020-02-24 07:10:59,0,24
AA1921D8B2407155,E5465B4BAA1921D8B240715540EE46C2,571CE775641F785C,67BC5619802C6E85,96FC21D91B0105C9,8DC32119AFD963B7,2020-02-24,07:40,|7B|,1,2020-02-21 19:51:53,0,24
F8B90FCEA17F141A,753AD746F8B90FCEA17F141AB9E91131,E23AAB625F1C1F93,87E22D89433B0B36,C73B2C97C355A8DD,C75474E4DA689DE9,2020-02-01,08:00,|9A|,1,2020-01-17 08:32:16,0,1
4C3680CA1DF6563E,300842324C3680CA1DF6563E81426D20,B929E7A58C958751,4486EC31935E8E98,D1CA25C1C26DD3D7,098BA1672AC21CEE,2020-02-26,18:50,|8D|,1,2020-02-26 18:39:13,1,26
5D60115F29A61F86,88130C775D60115F29A61F86B2E806E8,CDBAF370B9F0644B,A82DCC5AB6F8AA30,D6A0F793FDFC356E,A6F32F2AB602223E,2020-02-26,16:28,|11D|,1,2020-02-26 13:21:43,1,26
91EE8CE2ED1A3A72,286CE13B91EE8CE2ED1A3A720FD6AEBE,CDBAF370B9F0644B,A82DCC5AB6F8AA30,D6A0F793FDFC356E,A6F32F2AB602223E,2020-02-20,16:28,|3D|,1,2020-02-03 13:06:19,1,20
58A516001FE566B5,F794DEBB58A516001FE566B5C9CBEFE9,F5AE13D8C2BCF641,BECA44B21335B105,FCA160BCDAE37D50,F32391D16F35E61F,2020-02-12,07:25,|5C|,1,2020-02-09 13:24:34,0,12
382D86B901AE319A,A9C549DBC16B5559454DA37467A92580,6F44A9D27A85F1AF,2CD180DD22078E9F,82D977416181506F,43811E6E8CC0F3C0,2020-02-17,17:10,|6A|,1,2020-02-13 15:04:05,1,17
89FDF4AB053A7743,7C3BF2EE803AC16E35050657347606E2,B929E7A58C958751,356731300B8BD75D,098BA1672AC21CEE,D1CA25C1C26DD3D7,2020-02-28,08:30,|6D|6E|,2,2020-02-27 22:29:46,0,28
4BD2C4FF32FCB3A2,229C02084BD2C4FF32FCB3A2AE241DC4,E23AAB625F1C1F93,87E22D89433B0B36,C73B2C97C355A8DD,C75474E4DA689DE9,2020-02-12,08:00,|1A|,1,2020-01-23 11:27:26,0,12
4C6FE67837AE7E4B,E0492CFB4C6FE67837AE7E4BA86EBE0E,7FFED8F885B84129,519E9554120EA4B7,F828D3A4B9ECBC8B,A6985A9E717D85E6,2020-02-26,07:20,|9D|,1,2020-02-26 07:01:54,0,26
D0D9AB83DE3481B1,D10055EEC2FF6E04C8FEFA6FD9F6A088,2328D56837C35E58,6231107D1665415C,4F85B4DC4003EF06,82D977416181506F,2020-02-28,07:10,|10B|,1,2020-02-28 06:52:27,0,28
C5D8B1E1AF37F201,1787D8DBC5D8B1E1AF37F20151DE4F77,E23AAB625F1C1F93,87E22D89433B0B36,C73B2C97C355A8DD,C75474E4DA689DE9,2020-02-03,08:00,|1D|,1,2020-01-20 08:21:43,0,3
17B371DF9F106C71,2210644217B371DF9F106C716215AEC5,08B42A59C5D27BF7,C04F1CEAEE3DA4D8,82D977416181506F,F9A2FEF53237440C,2020-02-26,17:10,|4D|,1,2020-02-26 17:02:14,1,26
5BC843ABEC7BD7AD,B7016F2A5BC843ABEC7BD7ADF2AB33D1,7FFED8F885B84129,519E9554120EA4B7,30662F97078EA4D1,F828D3A4B9ECBC8B,2020-02-10,16:28,|7E|,1,2020-02-07 15:52:23,1,10
D37637BDFD7C333C,FD68DF97D37637BDFD7C333CA51EEA88,A484C800188EFA91,8229F12044F78D0D,82D977416181506F,78FDDACB11F2A2FC,2020-02-27,17:10,|5A|,1,2020-02-27 16:46:21,1,27
7615E10C090BA846,5C47A8CB7615E10C090BA846ED288BC2,E23AAB625F1C1F93,87E22D89433B0B36,C73B2C97C355A8DD,C75474E4DA689DE9,2020-02-03,08:00,|8D|,1,2020-01-22 14:04:59,0,3
91EE8CE2ED1A3A72,286CE13B91EE8CE2ED1A3A720FD6AEBE,CDBAF370B9F0644B,F6FC713232C12026,D6A0F793FDFC356E,A6F32F2AB602223E,2020-02-07,16:28,|3D|,1,2020-01-26 17:14:12,1,7
917B6A3F845F1CB4,8339F644917B6A3F845F1CB4541E3EB5,B929E7A58C958751,CC454F94DD64A721,D1CA25C1C26DD3D7,098BA1672AC21CEE,2020-02-24,08:20,|1B|1A|,2,2020-02-23 22:26:41,1,24
57605B26B3062E51,FF074BCA57605B26B3062E51CC5D37DE,AEF69E317BDD2FEB,3B5B4F3543AEDC96,67C538EF3854DB47,F22BFC92942DF8D9,2020-02-25,08:20,|9E|9D|,2,2020-02-20 17:54:13,0,25
E195219997A3AF77,7BBAFBE2E195219997A3AF77FCDFB94A,B929E7A58C958751,4486EC31935E8E98,D1CA25C1C26DD3D7,098BA1672AC21CEE,2020-02-12,18:50,|2A|,1,2020-02-12 18:34:13,1,12
E87AA768FE99F4A5,F32DBB3CE87AA768FE99F4A5EE86D1C8,B929E7A58C958751,356731300B8BD75D,098BA1672AC21CEE,D1CA25C1C26DD3D7,2020-02-02,08:40,|1D|,1,2020-01-30 23:52:16,0,2
36E6A2CCD40DCEBC,B442F08736E6A2CCD40DCEBC3A1D4EA2,E23AAB625F1C1F93,87E22D89433B0B36,C73B2C97C355A8DD,C75474E4DA689DE9,2020-02-14,08:00,|2E|,1,2020-01-23 11:46:12,0,14
AB48ACA6DF4366FA,B0D80196AB48ACA6DF4366FA68649D26,D1066910B3BB3772,88FBC58780452455,3F306A70F2E27C4D,82D977416181506F,2020-02-24,07:20,|5D|,1,2020-02-21 16:53:26,0,24
70D350F3733AB555,BE926F7370D350F3733AB55509D64DE1,B929E7A58C958751,356731300B8BD75D,D1CA25C1C26DD3D7,098BA1672AC21CEE,2020-02-28,18:10,|2D|,1,2020-02-28 17:56:44,1,28
D37637BDFD7C333C,FD68DF97D37637BDFD7C333CA51EEA88,A484C800188EFA91,8229F12044F78D0D,82D977416181506F,78FDDACB11F2A2FC,2020-02-25,17:10,|3A|,1,2020-02-25 16:37:02,1,25
B2C50962F35219CB,4729248EB2C50962F35219CBD44FF6DE,571CE775641F785C,67BC5619802C6E85,30662F97078EA4D1,96FC21D91B0105C9,2020-02-28,16:28,|1B|,1,2020-02-21 12:57:42,1,28
5428AB2E40D0F6BC,A286A0EE5428AB2E40D0F6BC7112A3EA,B929E7A58C958751,CC454F94DD64A721,098BA1672AC21CEE,D1CA25C1C26DD3D7,2020-02-14,08:50,|1B|,1,2020-02-13 23:18:38,0,14
99D6223E90B9E372,7DC9645F99D6223E90B9E3727266E4B3,B929E7A58C958751,4486EC31935E8E98,BB6863E7D3987C29,098BA1672AC21CEE,2020-02-10,18:50,|1D|,1,2020-02-10 18:45:59,1,10
4C54650CB854C7F1,EF681CBE4C54650CB854C7F140748912,B929E7A58C958751,4486EC31935E8E98,D1CA25C1C26DD3D7,098BA1672AC21CEE,2020-02-13,22:10,|1D|,1,2020-02-13 19:08:16,1,13
F927A38ABC967896,CBC51322BA822C1A84B7E1524FF81CFC,4D9F5FB800F29DEF,5F10F9FC03201691,82D977416181506F,E6B622A9E8B76B60,2020-02-28,17:10,|3A|,1,2020-02-28 17:02:50,1,28
F089A9FB7AE06FDC,4F3A218CF089A9FB7AE06FDC3508B099,5033083AEFCBFE61,2F6904466B0ADFC0,01AE02DD8366C4A1,D6A0F793FDFC356E,2020-02-17,07:15,|6B|,1,2020-02-16 20:25:27,0,17
DEF0D525C3E37527,AA6C701ADEF0D525C3E375270BF1A34E,B929E7A58C958751,4486EC31935E8E98,D1CA25C1C26DD3D7,098BA1672AC21CEE,2020-02-19,19:40,|6A|,1,2020-02-19 19:19:13,1,19
FD9D70D027F721DF,B2D93E05FD9D70D027F721DF857D62CC,0600DE4D8D6B152F,F7739336A5F629D6,82D977416181506F,6A6264804262372C,2020-02-24,17:10,|6E|,1,2020-02-24 16:51:27,1,24
827BDD4D8A6A00D2,8430EA88827BDD4D8A6A00D22907C287,9D5BFEC88C8B18B4,B9A8B5BC98C80986,82D977416181506F,BE69BDBB68302393,2020-02-25,17:10,|7E|,1,2020-02-25 16:45:36,1,25
0758050C9E677E84,3E3F38ED0758050C9E677E84BC6982F0,B929E7A58C958751,0D3A8C4DB791F151,D1CA25C1C26DD3D7,098BA1672AC21CEE,2020-02-12,19:10,|2B|,1,2020-02-12 18:22:29,1,12
CD272F387511FFC3,A1C5855954B500C23A342A3529570D1C,B929E7A58C958751,4486EC31935E8E98,D1CA25C1C26DD3D7,098BA1672AC21CEE,2020-02-14,21:10,|1B|,1,2020-02-14 20:50:26,1,14
93D8B6D704E3FBF4,692325F993D8B6D704E3FBF454DE6EA0,571CE775641F785C,67BC5619802C6E85,96FC21D91B0105C9,8DC32119AFD963B7,2020-02-18,07:40,|7B|,1,2020-02-17 15:08:52,0,18
682DF1F1ABE600E5,20BEEB60682DF1F1ABE600E50796B058,2E469964C413D5EF,5E7575428A726CEC,220C5048326170AF,F22BFC92942DF8D9,2020-02-24,08:33,|8B|,1,2020-02-20 14:13:44,0,24
9D58BA03C3178CBD,E62AFF439D58BA03C3178CBDE80434B7,F87F06166E3D11FD,E08702F92DFD3237,82D977416181506F,682F0A2F668C1C06,2020-02-26,17:10,|9B|,1,2020-02-26 16:46:03,1,26
36E6A2CCD40DCEBC,B442F08736E6A2CCD40DCEBC3A1D4EA2,E23AAB625F1C1F93,87E22D89433B0B36,C73B2C97C355A8DD,C75474E4DA689DE9,2020-02-12,08:00,|1B|,1,2020-01-23 11:44:49,0,12
F222418DA3520D0C,7666ADBEF222418DA3520D0CE8D17E50,0600DE4D8D6B152F,F7739336A5F629D6,82D977416181506F,6A6264804262372C,2020-02-25,17:10,|3E|,1,2020-02-25 16:49:32,1,25
80B8F29651E8502F,448EA42B765D15EE93F2F9AA660D2272,B929E7A58C958751,0BAF984F14AF891D,098BA1672AC21CEE,D1CA25C1C26DD3D7,2020-02-21,16:00,|1B|,1,2020-02-21 15:44:32,0,21
1EEF6B20C97A1BEA,FDF47DB81EEF6B20C97A1BEA8BCBC1C4,0600DE4D8D6B152F,F7739336A5F629D6,82D977416181506F,6A6264804262372C,2020-02-28,17:10,|7E|,1,2020-02-28 17:03:55,1,28
F2EA9995DB982D5D,91204F6EF2EA9995DB982D5D8191C0B2,571CE775641F785C,67BC5619802C6E85,96FC21D91B0105C9,8DC32119AFD963B7,2020-02-24,07:40,|1D|,1,2020-02-24 06:45:27,0,24
889C60B0802E7936,46F74710D91A3868822D7A4DFF7C3AEE,4D9F5FB800F29DEF,5F10F9FC03201691,04BDDC9FD3D16145,82D977416181506F,2020-02-24,07:10,|5D|,1,2020-02-23 19:43:54,0,24
5BC843ABEC7BD7AD,B7016F2A5BC843ABEC7BD7ADF2AB33D1,7FFED8F885B84129,519E9554120EA4B7,F828D3A4B9ECBC8B,30662F97078EA4D1,2020-02-25,07:20,|4A|,1,2020-02-24 16:29:33,0,25
E5750A9C74FBEA71,B6A0DC5CE5750A9C74FBEA71E4FF041C,5033083AEFCBFE61,2F6904466B0ADFC0,01AE02DD8366C4A1,D6A0F793FDFC356E,2020-02-26,07:15,|9E|,1,2020-02-25 16:38:44,0,26
06007F75C42618BF,14B10F8F06007F75C42618BF0C033A93,B929E7A58C958751,CC454F94DD64A721,098BA1672AC21CEE,D1CA25C1C26DD3D7,2020-02-28,07:10,|6B|6A|,2,2020-02-28 06:06:19,0,28
25835023B84E9A23,C988672F25835023B84E9A23E9F89064,1CFF69F65E39CD80,A4597461B78F76DA,783663DBE0598FB3,82D977416181506F,2020-02-27,07:10,|5B|,1,2020-02-26 20:30:31,0,27
F5B9DA918908F696,6162E913F5B9DA918908F696B0AE8DF3,9D5BFEC88C8B18B4,B9A8B5BC98C80986,0B1087427766E73B,82D977416181506F,2020-02-27,07:12,|2B|,1,2020-02-26 14:38:07,0,27
8D377D8732C4111D,98F80EC28D377D8732C4111DEFF3AC85,1CFF69F65E39CD80,A4597461B78F76DA,82D977416181506F,CC3D8A1D7897014C,2020-02-28,17:10,|1E|,1,2020-02-26 17:03:57,1,28
9F5111EC565F029D,A585F5CA9F5111EC565F029DC59750D6,D1066910B3BB3772,88FBC58780452455,3F306A70F2E27C4D,82D977416181506F,2020-02-27,07:20,|6A|,1,2020-02-26 07:20:27,0,27
DD786F4DED7C3EA8,483535EDDD786F4DED7C3EA82824CF67,B929E7A58C958751,CC454F94DD64A721,098BA1672AC21CEE,D1CA25C1C26DD3D7,2020-02-20,06:40,|2B|,1,2020-02-19 17:34:02,0,20
43DD10DB220DB78B,A33F94F243DD10DB220DB78B2DBF02DD,B929E7A58C958751,0D3A8C4DB791F151,D1CA25C1C26DD3D7,098BA1672AC21CEE,2020-02-27,17:30,|7B|,1,2020-02-27 17:16:47,1,27
4C3680CA1DF6563E,300842324C3680CA1DF6563E81426D20,B929E7A58C958751,4486EC31935E8E98,D1CA25C1C26DD3D7,098BA1672AC21CEE,2020-02-19,18:50,|4D|,1,2020-02-19 18:43:36,1,19
B0127840464DB91B,9F5139AFB0127840464DB91BF1CE2C81,5033083AEFCBFE61,2F6904466B0ADFC0,8DC32119AFD963B7,11272DC12BF69C42,2020-02-26,16:28,|1E|,1,2020-02-25 07:23:08,1,26
B4DC6B29FFBFBC50,01FAFB52B4DC6B29FFBFBC50C4C6B6EE,B929E7A58C958751,356731300B8BD75D,098BA1672AC21CEE,D1CA25C1C26DD3D7,2020-02-18,07:50,|2D|,1,2020-02-18 00:10:01,0,18
A94B0ED36136241B,30A38515A94B0ED36136241B8F61306F,AEF69E317BDD2FEB,3B5B4F3543AEDC96,67C538EF3854DB47,F22BFC92942DF8D9,2020-02-24,09:05,|5D|,1,2020-02-20 16:34:42,0,24
CA7122A270054FB9,B7909734CA7122A270054FB97ECA2EC3,B929E7A58C958751,356731300B8BD75D,D1CA25C1C26DD3D7,098BA1672AC21CEE,2020-02-20,08:40,|3B|,1,2020-02-19 20:14:08,1,20
D035AA5A5088E4AC,59C1168BD035AA5A5088E4AC48D4EBA3,CDBAF370B9F0644B,A82DCC5AB6F8AA30,A6985A9E717D85E6,0F972995EC28E077,2020-02-28,16:28,|5B|,1,2020-02-28 14:31:48,1,28
BF781091E85D63F8,3DDADCD7C8C77692B5E28D14BC22A927,F87F06166E3D11FD,E08702F92DFD3237,D8642845D041FD35,82D977416181506F,2020-02-28,07:05,|6B|,1,2020-02-27 07:21:21,0,28
78613E1292FBBB77,4A116CD878613E1292FBBB77C63FE514,B929E7A58C958751,0D3A8C4DB791F151,098BA1672AC21CEE,D1CA25C1C26DD3D7,2020-02-10,17:20,|6D|,1,2020-02-09 21:02:23,0,10
79C95257C842391A,EF01DD6E79C95257C842391ACDE590B3,571CE775641F785C,67BC5619802C6E85,A6985A9E717D85E6,96FC21D91B0105C9,2020-02-18,16:28,|2A|,1,2020-02-14 07:43:30,1,18
F222418DA3520D0C,7666ADBEF222418DA3520D0CE8D17E50,0600DE4D8D6B152F,F7739336A5F629D6,6CAD73A7A668B790,82D977416181506F,2020-02-26,07:30,|4E|,1,2020-02-26 06:54:37,0,26
9D2FC8182A368BC0,613E7A7A9D2FC8182A368BC0842A5781,B929E7A58C958751,CC454F94DD64A721,098BA1672AC21CEE,D1CA25C1C26DD3D7,2020-02-12,07:30,|1B|,1,2020-02-11 06:53:46,0,12
3CCBE57AA335AF65,53D86DF83CCBE57AA335AF653D7D0FD2,E23AAB625F1C1F93,87E22D89433B0B36,C73B2C97C355A8DD,C75474E4DA689DE9,2020-02-05,08:00,|1E|,1,2020-01-22 08:19:53,0,5
FC6F47D375A34A19,0E1301E08C6268E921CAA9F3CF0DFA19,A26FD424FE3F1D04,93E4B82D6F3A0CF7,D12B101752097380,82D977416181506F,2020-02-20,07:05,|1D|,1,2020-02-19 09:57:34,0,20
5BC843ABEC7BD7AD,B7016F2A5BC843ABEC7BD7ADF2AB33D1,7FFED8F885B84129,519E9554120EA4B7,30662F97078EA4D1,F828D3A4B9ECBC8B,2020-02-13,16:28,|6E|,1,2020-02-13 07:11:59,1,13
EA08E7F6256F1A97,9E982F5DEA08E7F6256F1A971B3992FA,F87F06166E3D11FD,E08702F92DFD3237,82D977416181506F,682F0A2F668C1C06,2020-02-26,17:10,|8D|,1,2020-02-24 07:24:49,1,26
DF4CF84364DC3F0E,8C6CE9C0DF4CF84364DC3F0E11AEFC2A,B929E7A58C958751,4486EC31935E8E98,D1CA25C1C26DD3D7,098BA1672AC21CEE,2020-02-26,19:40,|5B|,1,2020-02-26 18:41:03,1,26
9D054DF070732885,BA2DCEA39D054DF070732885E2EE6806,AEF69E317BDD2FEB,3B5B4F3543AEDC96,67C538EF3854DB47,F22BFC92942DF8D9,2020-02-24,08:20,|5D|,1,2020-02-19 22:49:33,0,24
EFCA53CEB6D29A7A,0D55276FEFCA53CEB6D29A7AAA536BBC,D1066910B3BB3772,88FBC58780452455,43C2742A7E2A34AF,82D977416181506F,2020-02-27,07:20,|3D|,1,2020-02-26 17:01:31,0,27
29F5B6D4A1E600CD,26E53A8829F5B6D4A1E600CD981BBD98,BDD888BD7757683F,0660D0083B078B11,A180556235BC9EFD,82D977416181506F,2020-02-27,07:15,|7D|,1,2020-02-27 06:45:18,0,27
91EE8CE2ED1A3A72,286CE13B91EE8CE2ED1A3A720FD6AEBE,CDBAF370B9F0644B,A82DCC5AB6F8AA30,D6A0F793FDFC356E,A6F32F2AB602223E,2020-02-14,16:28,|3D|,1,2020-02-03 12:59:49,1,14
E67F6E5E0DC508AB,211B2B616DFF3A3AA34676BACE86E54C,9D5BFEC88C8B18B4,B9A8B5BC98C80986,82D977416181506F,BE69BDBB68302393,2020-02-24,17:10,|3D|,1,2020-02-24 14:20:28,1,24
B2C50962F35219CB,4729248EB2C50962F35219CBD44FF6DE,571CE775641F785C,67BC5619802C6E85,96FC21D91B0105C9,30662F97078EA4D1,2020-02-25,07:40,|1B|,1,2020-02-21 13:02:31,0,25
733CDB3CE57BE1B5,7CBBB2E9733CDB3CE57BE1B5B064D68A,A484C800188EFA91,8229F12044F78D0D,82D977416181506F,78FDDACB11F2A2FC,2020-02-26,17:10,|C|,1,2020-02-26 15:39:00,1,26
F089A9FB7AE06FDC,4F3A218CF089A9FB7AE06FDC3508B099,5033083AEFCBFE61,2F6904466B0ADFC0,01AE02DD8366C4A1,D6A0F793FDFC356E,2020-02-20,07:15,|7E|,1,2020-02-15 18:36:12,0,20
531A7E72453A0AEC,26BDA5EDFB25EC9A1BAF3F9D92B7E288,A484C800188EFA91,8229F12044F78D0D,82D977416181506F,3D8ACFA4469C896B,2020-02-25,17:10,|4B|,1,2020-02-24 20:09:20,1,25
D5E34957853AC541,7945541BD5E34957853AC541834894F6,6F44A9D27A85F1AF,2CD180DD22078E9F,82D977416181506F,E5FA232FE2B2D286,2020-02-24,17:10,|6B|,1,2020-02-24 12:54:32,1,24
D6EAA2C427561B48,9737C89CD6EAA2C427561B48842CC7DE,E23AAB625F1C1F93,87E22D89433B0B36,C75474E4DA689DE9,C73B2C97C355A8DD,2020-02-12,17:15,|3E|,1,2020-01-25 17:11:22,1,12
68084632D79DDD80,6D87363768084632D79DDD80B24ECB3D,56D7DE3FC156DBB3,606DD2F940CDFE4C,9367E6E8C6D3EF94,F22BFC92942DF8D9,2020-02-17,08:25,|7A|,1,2020-02-14 08:49:41,0,17
FAB7EC94E05B76E8,DD11C605FAB7EC94E05B76E88D377F1A,B929E7A58C958751,0D3A8C4DB791F151,098BA1672AC21CEE,D1CA25C1C26DD3D7,2020-02-18,17:20,|9B|,1,2020-02-18 16:52:22,0,18
361B71178B135E81,3BC3AC52361B71178B135E81974CA7A6,E23AAB625F1C1F93,F2F73A4EEDDC10A7,C73B2C97C355A8DD,C75474E4DA689DE9,2020-02-14,07:40,|6B|,1,2020-01-31 16:21:30,0,14
9600DD07AAECB2B4,C29F54F49600DD07AAECB2B4ABB5CF09,BDD888BD7757683F,0660D0083B078B11,954C3334984B5F28,82D977416181506F,2020-02-28,07:15,|1B|,1,2020-02-27 17:05:16,0,28
403E29AE925D1708,D2822F97403E29AE925D17089CD46314,B929E7A58C958751,0D3A8C4DB791F151,D1CA25C1C26DD3D7,098BA1672AC21CEE,2020-02-19,19:10,|1D|,1,2020-02-19 18:49:59,1,19
F0BFA58308D72BEF,6BAF9A32F0BFA58308D72BEFE314C1DC,70E156ECAD52DD7B,4ACD6AE2FAA373B0,82D977416181506F,865888C430FB59E8,2020-02-20,17:10,|6A|,1,2020-02-19 14:42:49,1,20
4165C522EDEA73FE,4BC7814C4165C522EDEA73FE422E67A4,0F6874EDA6FBE306,C70DC119A9CB1A30,922823C47A505516,82D977416181506F,2020-02-28,07:35,|4B|,1,2020-02-25 17:36:14,0,28
822F756564E7CE95,A22670C4822F756564E7CE9533605916,B929E7A58C958751,4486EC31935E8E98,D1CA25C1C26DD3D7,098BA1672AC21CEE,2020-02-17,20:40,|2B|,1,2020-02-17 19:44:20,1,17
4A4F0AE96AA23E06,5D077AFF9A4A05AFE1B7CB63B471FEA5,9D5BFEC88C8B18B4,B9A8B5BC98C80986,82D977416181506F,EEBDD1A0557462F4,2020-02-20,17:10,|2B|,1,2020-02-19 15:37:16,1,20
E5A82C715493170E,C7581F8B2F84CC1DB3AEF766668AE3CE,F590638A43460B54,7C75DBF363DE8A0C,48DE6BB94C48BA3D,82D977416181506F,2020-02-20,07:25,|3E|,1,2020-02-19 08:05:16,0,20
D9CA925FF3976EAC,56278E9CD9CA925FF3976EAC2E9219EC,7FFED8F885B84129,519E9554120EA4B7,F828D3A4B9ECBC8B,8DC32119AFD963B7,2020-02-27,07:20,|6A|,1,2020-02-26 16:58:30,0,27
E67F6E5E0DC508AB,211B2B616DFF3A3AA34676BACE86E54C,9D5BFEC88C8B18B4,B9A8B5BC98C80986,0B1087427766E73B,82D977416181506F,2020-02-24,07:12,|6A|,1,2020-02-22 12:45:19,0,24
0CB9EC8D8110FF35,13BD689A06C8A490BD5D8175268E763F,9D5BFEC88C8B18B4,B9A8B5BC98C80986,0B1087427766E73B,82D977416181506F,2020-02-24,07:12,|5E|,1,2020-02-24 06:39:12,0,24
05A02DA1198B770E,B9FC7A4E1B32AB0B868DCDC0CF5A2AAD,7FFED8F885B84129,519E9554120EA4B7,F828D3A4B9ECBC8B,8DC32119AFD963B7,2020-02-18,07:20,|11A|,1,2020-02-17 16:31:45,0,18
90A291B89A80F980,03D3D7CAB0CBDEF805190C79FB54DEDE,B929E7A58C958751,CC454F94DD64A721,098BA1672AC21CEE,D1CA25C1C26DD3D7,2020-02-19,05:10,|1B|,1,2020-02-17 04:39:28,0,19
B19A4485F99AD60E,075A9FC5B19A4485F99AD60E03EE3095,7FFED8F885B84129,519E9554120EA4B7,2750F3C6EF948092,D6A0F793FDFC356E,2020-02-27,07:20,|11D|,1,2020-02-26 10:44:28,0,27
CA7122A270054FB9,B7909734CA7122A270054FB97ECA2EC3,B929E7A58C958751,356731300B8BD75D,D1CA25C1C26DD3D7,098BA1672AC21CEE,2020-02-21,08:40,|3B|,1,2020-02-21 08:09:12,1,21
47DA481CF9D76E42,FF3D536247DA481CF9D76E42AAD1791D,B929E7A58C958751,0D3A8C4DB791F151,D1CA25C1C26DD3D7,098BA1672AC21CEE,2020-02-11,19:10,|5D|,1,2020-02-11 18:19:43,1,11
A4D60A3D0CC28A8A,71F6E11CA4D60A3D0CC28A8A76C6EB53,452EFA42494BCEFA,02B80B0D667E6B2E,B599E3CC24D2F276,82D977416181506F,2020-02-26,07:25,|7D|,1,2020-02-25 16:55:32,0,26
E3D813055F1F12A7,CD3830A0E3D813055F1F12A7421DE3A0,571CE775641F785C,67BC5619802C6E85,A6985A9E717D85E6,548CBC81781E2AF3,2020-02-26,16:28,|3A|,1,2020-02-26 07:49:23,1,26
457C9DA6E85ACFF3,20E64D22457C9DA6E85ACFF32A137122,0F6874EDA6FBE306,C70DC119A9CB1A30,82D977416181506F,922823C47A505516,2020-02-28,17:10,|2A|,1,2020-02-28 16:06:15,1,28
281B921FB721A7DA,EBCF8E7D281B921FB721A7DA621356EE,B929E7A58C958751,0D3A8C4DB791F151,D1CA25C1C26DD3D7,098BA1672AC21CEE,2020-02-27,17:30,|8B|,1,2020-02-27 17:07:12,1,27
ED30FEF3A092ED51,D178270DED30FEF3A092ED516309DCA6,B929E7A58C958751,CC454F94DD64A721,098BA1672AC21CEE,D1CA25C1C26DD3D7,2020-02-24,09:10,|8D|,1,2020-02-23 11:35:58,0,24
E6D7B393900D80CB,CEE81BDAE6D7B393900D80CBF0305FEF,A7725DA7CFB7A115,7A07DFDED6DFF79F,B419ECAB178F9D0C,82D977416181506F,2020-02-21,07:05,|5A|,1,2020-02-20 10:02:42,0,21
DD786F4DED7C3EA8,483535EDDD786F4DED7C3EA82824CF67,B929E7A58C958751,CC454F94DD64A721,098BA1672AC21CEE,D1CA25C1C26DD3D7,2020-02-21,06:40,|2B|,1,2020-02-20 06:40:57,0,21
F9962E70496F5676,CC51CAC0F9962E70496F5676F84745E8,B929E7A58C958751,CC454F94DD64A721,D1CA25C1C26DD3D7,098BA1672AC21CEE,2020-02-20,07:40,|5E|,1,2020-02-19 18:43:24,1,20
72A7AC2B25969584,B87D4B4F72A7AC2B25969584EF6F80EE,B929E7A58C958751,4486EC31935E8E98,D1CA25C1C26DD3D7,098BA1672AC21CEE,2020-02-25,18:50,|9D|,1,2020-02-25 18:43:54,1,25
7C414071219411A7,0F0A21553A8D76563D11E65693E4DA38,F87F06166E3D11FD,E08702F92DFD3237,682F0A2F668C1C06,82D977416181506F,2020-02-24,07:05,|5B|,1,2020-02-19 11:59:35,0,24
92EFDB84822CE288,082FA80992EFDB84822CE288B65038C6,1CFF69F65E39CD80,A4597461B78F76DA,50AA61D8A431178D,82D977416181506F,2020-02-21,07:10,|3A|,1,2020-02-20 16:55:52,0,21
7C414071219411A7,0F0A21553A8D76563D11E65693E4DA38,F87F06166E3D11FD,E08702F92DFD3237,82D977416181506F,682F0A2F668C1C06,2020-02-28,17:10,|3A|,1,2020-02-26 07:32:36,1,28
A1EBD3FB991FE179,DA04CC12A1EBD3FB991FE179BC834422,0CF8BFD3F799BD85,1EF837A89368FF67,DDFA28F195237BC2,0339B63F855A5B23,2020-02-20,08:05,|2D|,1,2020-02-19 18:54:17,0,20
035985EEC14A14C1,777ACD05035985EEC14A14C151A2794B,0F6874EDA6FBE306,C70DC119A9CB1A30,82D977416181506F,922823C47A505516,2020-02-26,17:10,|11D|,1,2020-02-26 16:18:45,1,26
DCD5063BE2BCF64A,17449CC0905483931D3854B9A2742581,BDD888BD7757683F,0660D0083B078B11,82D977416181506F,8593371517D90FA0,2020-02-27,17:10,|3E|,1,2020-02-27 07:33:32,1,27
D6D396D56D851CC5,E8A7464FD6D396D56D851CC5BD4DF327,A484C800188EFA91,8229F12044F78D0D,82D977416181506F,55F24CBD4F43D565,2020-02-26,17:10,|9E|,1,2020-02-26 15:21:25,1,26
5BC843ABEC7BD7AD,B7016F2A5BC843ABEC7BD7ADF2AB33D1,7FFED8F885B84129,519E9554120EA4B7,F828D3A4B9ECBC8B,30662F97078EA4D1,2020-02-19,07:20,|5B|,1,2020-02-18 16:24:53,0,19
FFCF298C54E3AE25,58D0CC08FFCF298C54E3AE254912ACC9,70E156ECAD52DD7B,4ACD6AE2FAA373B0,82D977416181506F,DFC60CD266F570C9,2020-02-24,17:10,|2A|,1,2020-02-24 09:32:57,1,24
798C4020102933BF,F7E1A9E6798C4020102933BF3CFE3F7A,A7725DA7CFB7A115,7A07DFDED6DFF79F,2CA599758934AFD9,82D977416181506F,2020-02-28,07:05,|11A|,1,2020-02-28 06:54:38,0,28
E4C830FA21A0F463,7662A69EE4C830FA21A0F46342397A5B,E23AAB625F1C1F93,F2F73A4EEDDC10A7,C73B2C97C355A8DD,C75474E4DA689DE9,2020-02-10,07:40,|2D|,1,2020-01-23 11:16:45,0,10
E151834E10F1B8E8,C3873191E151834E10F1B8E8F0DD6824,B929E7A58C958751,0D3A8C4DB791F151,D1CA25C1C26DD3D7,098BA1672AC21CEE,2020-02-26,19:10,|6D|6E|,2,2020-02-26 18:40:46,1,26
1E24632924325490,B92C5708C3F51352CDC72A4A916FEF95,70E156ECAD52DD7B,4ACD6AE2FAA373B0,82D977416181506F,3C255C0448191171,2020-02-27,17:10,|1E|,1,2020-02-27 17:03:29,1,27
E7DE46463F81ABB5,0F586039E7DE46463F81ABB58CACC509,112B56F25E1FAECF,713480279996602A,7CB1EAE377CB926B,82D977416181506F,2020-02-28,07:25,|7A|,1,2020-02-27 20:51:19,0,28
43DD10DB220DB78B,A33F94F243DD10DB220DB78B2DBF02DD,B929E7A58C958751,CC454F94DD64A721,098BA1672AC21CEE,D1CA25C1C26DD3D7,2020-02-27,06:40,|7B|,1,2020-02-25 05:51:40,0,27
5D60115F29A61F86,88130C775D60115F29A61F86B2E806E8,CDBAF370B9F0644B,A82DCC5AB6F8AA30,D6A0F793FDFC356E,A6F32F2AB602223E,2020-02-25,16:28,|10E|,1,2020-02-25 12:32:55,1,25
905C0AAFB16A48A6,4DB41307905C0AAFB16A48A634B23562,B929E7A58C958751,4486EC31935E8E98,D1CA25C1C26DD3D7,098BA1672AC21CEE,2020-02-24,17:50,|6B|,1,2020-02-24 17:18:50,1,24
D9CA925FF3976EAC,56278E9CD9CA925FF3976EAC2E9219EC,7FFED8F885B84129,519E9554120EA4B7,8DC32119AFD963B7,F828D3A4B9ECBC8B,2020-02-17,16:28,|6A|,1,2020-02-17 13:34:28,1,17
B4DC6B29FFBFBC50,01FAFB52B4DC6B29FFBFBC50C4C6B6EE,B929E7A58C958751,CC454F94DD64A721,098BA1672AC21CEE,D1CA25C1C26DD3D7,2020-02-27,08:50,|5D|,1,2020-02-26 22:20:30,0,27
6740AD0479CE1FAB,187BB9686740AD0479CE1FABA56A8CEB,A484C800188EFA91,8229F12044F78D0D,82D977416181506F,78FDDACB11F2A2FC,2020-02-20,17:10,|2D|,1,2020-02-20 07:08:19,1,20
5BC843ABEC7BD7AD,B7016F2A5BC843ABEC7BD7ADF2AB33D1,7FFED8F885B84129,519E9554120EA4B7,F828D3A4B9ECBC8B,30662F97078EA4D1,2020-02-21,07:20,|8E|,1,2020-02-21 07:19:03,0,21
87EB90EF7099405C,65D171F387EB90EF7099405C02668435,D1066910B3BB3772,88FBC58780452455,3F306A70F2E27C4D,82D977416181506F,2020-02-21,07:20,|2B|,1,2020-02-20 18:42:56,0,21
B2C50962F35219CB,4729248EB2C50962F35219CBD44FF6DE,571CE775641F785C,67BC5619802C6E85,96FC21D91B0105C9,30662F97078EA4D1,2020-02-17,07:40,|1B|,1,2020-02-15 10:27:56,0,17
EF4CD1F2507D3AD7,D73B5427EF4CD1F2507D3AD75B04B920,B929E7A58C958751,CC454F94DD64A721,098BA1672AC21CEE,D1CA25C1C26DD3D7,2020-02-27,07:30,|7B|,1,2020-02-27 07:00:29,0,27
9F5111EC565F029D,A585F5CA9F5111EC565F029DC59750D6,D1066910B3BB3772,88FBC58780452455,82D977416181506F,8724E8D02AC2750F,2020-02-26,17:10,|6A|,1,2020-02-26 07:19:11,1,26
FD9D70D027F721DF,B2D93E05FD9D70D027F721DF857D62CC,0600DE4D8D6B152F,F7739336A5F629D6,6CAD73A7A668B790,82D977416181506F,2020-02-24,07:30,|6E|,1,2020-02-23 16:29:07,0,24
822F756564E7CE95,A22670C4822F756564E7CE9533605916,B929E7A58C958751,CC454F94DD64A721,098BA1672AC21CEE,D1CA25C1C26DD3D7,2020-02-14,07:30,|1D|,1,2020-02-14 07:11:21,0,14
7F87E099DB2C07B1,0011BCDE289030057FA6682C7210C873,D1066910B3BB3772,88FBC58780452455,82D977416181506F,A0375CE2261D50BC,2020-02-26,17:10,|7A|,1,2020-02-25 17:04:23,1,26
0CB9EC8D8110FF35,13BD689A06C8A490BD5D8175268E763F,9D5BFEC88C8B18B4,B9A8B5BC98C80986,0B1087427766E73B,82D977416181506F,2020-02-28,07:12,|4E|,1,2020-02-28 06:38:15,0,28
F8AC7F3DF24C9011,0B9EC6FAF8AC7F3DF24C9011541069B2,D7A0FFD5222FA8C6,5C97B17B8C9DCBAB,DCF51C296720B9DE,65AF7648CCB20620,2020-02-13,17:20,|9D|,1,2020-02-10 08:38:09,1,13
28A0FFD5390AB906,633B6DC30E89563C4D7C123BB1B251BD,571CE775641F785C,67BC5619802C6E85,96FC21D91B0105C9,8DC32119AFD963B7,2020-02-19,07:40,|10E|,1,2020-02-18 17:33:19,0,19
AE0D0BC2F1DFCD7E,C75FB0CFAE0D0BC2F1DFCD7E4AD88B7B,2E469964C413D5EF,7760125C7D354A58,816868E712FF3071,220C5048326170AF,2020-02-24,18:30,|1A|,1,2020-02-20 14:14:31,1,24
665DDCF578B333E9,C1E8692DBF2EAFBB5325F7BE86109301,571CE775641F785C,67BC5619802C6E85,96FC21D91B0105C9,D6A0F793FDFC356E,2020-02-11,07:40,|1A|,1,2020-01-30 08:32:47,0,11
BA865150D6CC0ADD,FBFE0C9DDD43E687B7DAF141E34FC407,70E156ECAD52DD7B,4ACD6AE2FAA373B0,FE7CDD8DA0C1776C,82D977416181506F,2020-02-27,07:25,|8D|,1,2020-02-26 17:10:18,0,27
AC2FF8103F6FCE1F,00B226AB4A0ABCAD7467961B5A5A30A5,B929E7A58C958751,CC454F94DD64A721,098BA1672AC21CEE,D1CA25C1C26DD3D7,2020-02-26,08:50,|7D|,1,2020-02-24 21:35:17,0,26
81C62BFC1D1F2F12,0406CF4F81C62BFC1D1F2F12F1E09F2D,70E156ECAD52DD7B,4ACD6AE2FAA373B0,4152240C42F6671B,82D977416181506F,2020-02-27,07:25,|2E|,1,2020-02-24 17:53:44,0,27
0F9C47A4A0206FEB,1029CCD10F9C47A4A0206FEB2E62F97A,452EFA42494BCEFA,02B80B0D667E6B2E,62A70C35F081568F,82D977416181506F,2020-02-27,07:25,|5D|,1,2020-02-26 17:04:44,0,27
78613E1292FBBB77,4A116CD878613E1292FBBB77C63FE514,B929E7A58C958751,CC454F94DD64A721,D1CA25C1C26DD3D7,098BA1672AC21CEE,2020-02-26,08:20,|5E|,1,2020-02-26 08:03:02,1,26
1ADD2922A66EB634,77E420FA1ADD2922A66EB6349F1D47D7,B929E7A58C958751,4486EC31935E8E98,D1CA25C1C26DD3D7,098BA1672AC21CEE,2020-02-26,18:50,|6D|,1,2020-02-26 18:13:59,1,26
AA1921D8B2407155,E5465B4BAA1921D8B240715540EE46C2,571CE775641F785C,67BC5619802C6E85,8DC32119AFD963B7,96FC21D91B0105C9,2020-02-28,16:28,|2D|,1,2020-02-28 14:23:19,1,28
798C4020102933BF,F7E1A9E6798C4020102933BF3CFE3F7A,A7725DA7CFB7A115,7A07DFDED6DFF79F,2CA599758934AFD9,82D977416181506F,2020-02-27,07:05,|11A|,1,2020-02-27 06:49:48,0,27
7FF41A6C2891F6B3,F0F678DCA6DDB6D8CE4ABC1D856423FA,2328D56837C35E58,6231107D1665415C,D6C9B21D89323DC4,82D977416181506F,2020-02-24,07:10,|5B|,1,2020-02-23 23:50:48,0,24
38BF668F3E362E55,9D14BEE138BF668F3E362E5595788A64,E23AAB625F1C1F93,87E22D89433B0B36,C73B2C97C355A8DD,C75474E4DA689DE9,2020-02-05,08:00,|2D|,1,2020-01-24 00:24:19,0,5
1ADD2922A66EB634,77E420FA1ADD2922A66EB6349F1D47D7,B929E7A58C958751,0BAF984F14AF891D,D1CA25C1C26DD3D7,098BA1672AC21CEE,2020-02-13,18:30,|1B|,1,2020-02-11 17:52:52,1,13
A6E51C0917C89A1B,16193CA0A6E51C0917C89A1B19271360,1CFF69F65E39CD80,A4597461B78F76DA,50AA61D8A431178D,82D977416181506F,2020-02-20,07:10,|1B|,1,2020-02-19 16:26:18,0,20
9D58BA03C3178CBD,E62AFF439D58BA03C3178CBDE80434B7,F87F06166E3D11FD,E08702F92DFD3237,682F0A2F668C1C06,82D977416181506F,2020-02-27,07:05,|9A|,1,2020-02-26 17:03:06,0,27
E5A82C715493170E,C7581F8B2F84CC1DB3AEF766668AE3CE,F590638A43460B54,7C75DBF363DE8A0C,90D754FE69875946,82D977416181506F,2020-02-26,07:25,|1A|,1,2020-02-23 09:53:24,0,26
9869948C1F1926CD,F279EEDF9869948C1F1926CDDDA02B89,E23AAB625F1C1F93,87E22D89433B0B36,C73B2C97C355A8DD,C75474E4DA689DE9,2020-02-01,08:00,|11E|,1,2020-01-22 07:59:16,0,1
DE6B35DFCE7D58E7,45C5CCD7DE6B35DFCE7D58E74C736CCB,A484C800188EFA91,8229F12044F78D0D,439FA1C37E4CD8CF,82D977416181506F,2020-02-28,07:05,|4D|,1,2020-02-27 16:38:27,0,28
47D92ECA18087FAC,ED2E6F5A47D92ECA18087FAC8F423B37,A7725DA7CFB7A115,7A07DFDED6DFF79F,82D977416181506F,8EBCFD0AAE905E6B,2020-02-20,17:10,|1A|,1,2020-02-19 21:14:41,1,20
F132595033924BBB,F392A575F132595033924BBBC5259DB3,A7725DA7CFB7A115,7A07DFDED6DFF79F,ECD9A29B5D634278,82D977416181506F,2020-02-24,07:05,|5E|,1,2020-02-23 12:58:29,0,24
0FFD28A97F51CE75,CCA9D8B90FFD28A97F51CE75ACF68F87,B929E7A58C958751,CC454F94DD64A721,098BA1672AC21CEE,D1CA25C1C26DD3D7,2020-02-22,05:40,|1B|,1,2020-02-22 05:32:39,0,22
F292D926D419E78D,2C744134F292D926D419E78D38F279C1,1CFF69F65E39CD80,A4597461B78F76DA,82D977416181506F,CC3D8A1D7897014C,2020-02-28,17:10,|5D|,1,2020-02-28 16:13:53,1,28
7256E92063EB7B81,2AF237FE7256E92063EB7B81A658CEFA,70E156ECAD52DD7B,4ACD6AE2FAA373B0,48A463D6555D6669,82D977416181506F,2020-02-24,07:25,|7A|,1,2020-02-23 22:40:00,0,24
A61BBD673B180F03,49A15801A61BBD673B180F03F8E83920,70E156ECAD52DD7B,4ACD6AE2FAA373B0,82D977416181506F,865888C430FB59E8,2020-02-28,17:10,|6A|,1,2020-02-28 15:33:02,1,28
78613E1292FBBB77,4A116CD878613E1292FBBB77C63FE514,B929E7A58C958751,356731300B8BD75D,D1CA25C1C26DD3D7,098BA1672AC21CEE,2020-02-28,08:00,|6B|,1,2020-02-27 19:19:36,1,28
665DDCF578B333E9,C1E8692DBF2EAFBB5325F7BE86109301,571CE775641F785C,67BC5619802C6E85,96FC21D91B0105C9,8DC32119AFD963B7,2020-02-18,07:40,|1A|,1,2020-02-13 08:40:38,0,18
8DBDA5D4D35ADD41,B34978708DBDA5D4D35ADD410403C68B,1678CB2812D96F45,7760125C7D354A58,47A180AA252BFD0F,F22BFC92942DF8D9,2020-02-19,08:35,|3B|,1,2020-02-12 22:37:48,0,19
4C54650CB854C7F1,EF681CBE4C54650CB854C7F140748912,B929E7A58C958751,356731300B8BD75D,098BA1672AC21CEE,D1CA25C1C26DD3D7,2020-02-12,07:50,|1B|,1,2020-02-11 17:24:56,0,12
BB7A87D24C973B69,A391D1B3BB7A87D24C973B690DD09716,0600DE4D8D6B152F,F7739336A5F629D6,82D977416181506F,555C9443E2B2609D,2020-02-21,17:10,|4A|,1,2020-02-21 15:59:03,1,21
31C1AAB8F6ED4D0C,5D6AF42331C1AAB8F6ED4D0C25E3E9F4,B929E7A58C958751,4486EC31935E8E98,D1CA25C1C26DD3D7,098BA1672AC21CEE,2020-02-26,19:40,|2B|,1,2020-02-26 19:21:15,1,26
6740AD0479CE1FAB,187BB9686740AD0479CE1FABA56A8CEB,A484C800188EFA91,8229F12044F78D0D,82D977416181506F,78FDDACB11F2A2FC,2020-02-27,17:10,|2D|,1,2020-02-25 07:03:25,1,27
91EE8CE2ED1A3A72,286CE13B91EE8CE2ED1A3A720FD6AEBE,CDBAF370B9F0644B,A82DCC5AB6F8AA30,D6A0F793FDFC356E,A6F32F2AB602223E,2020-02-18,16:28,|3D|,1,2020-02-03 13:01:55,1,18
9F5111EC565F029D,A585F5CA9F5111EC565F029DC59750D6,D1066910B3BB3772,88FBC58780452455,3F306A70F2E27C4D,82D977416181506F,2020-02-26,07:20,|6A|,1,2020-02-25 16:54:30,0,26
D6D396D56D851CC5,E8A7464FD6D396D56D851CC5BD4DF327,A484C800188EFA91,8229F12044F78D0D,82D977416181506F,55F24CBD4F43D565,2020-02-20,17:10,|10D|,1,2020-02-20 08:38:10,1,20
426F39BCEA11A003,605ADC2D426F39BCEA11A003E428959D,3ED15FFCCE8B8EF8,96778F26954AF258,82D977416181506F,1E077798E8CB412D,2020-02-25,17:10,|1B|,1,2020-02-24 20:35:18,1,25
D2BB6905D51208E5,CF9AEF3F6BB822940F96A4F5AA5F30BA,F590638A43460B54,7C75DBF363DE8A0C,90D754FE69875946,82D977416181506F,2020-02-25,07:25,|5A|,1,2020-02-24 19:54:00,0,25
0231A0175513B15D,A743A5450231A0175513B15DEFD586F6,B929E7A58C958751,CC454F94DD64A721,098BA1672AC21CEE,D1CA25C1C26DD3D7,2020-02-13,06:40,|3D|,1,2020-02-11 15:49:47,0,13
720F0AA3429A3453,EC55F6C7720F0AA3429A3453156C0637,5033083AEFCBFE61,2F6904466B0ADFC0,8DC32119AFD963B7,01AE02DD8366C4A1,2020-02-27,16:28,|C|,1,2020-02-25 16:35:05,1,27
47D92ECA18087FAC,ED2E6F5A47D92ECA18087FAC8F423B37,70E156ECAD52DD7B,4ACD6AE2FAA373B0,4152240C42F6671B,82D977416181506F,2020-02-27,07:25,|1A|,1,2020-02-24 21:14:16,0,27
49F273D3E49258C4,2D9629C549F273D3E49258C43AD983BE,112B56F25E1FAECF,713480279996602A,7CB1EAE377CB926B,82D977416181506F,2020-02-25,07:25,|1A|,1,2020-02-22 12:20:04,0,25
125D27D546415E04,A45FCC9C125D27D546415E047C38648A,CDBAF370B9F0644B,A82DCC5AB6F8AA30,D6A0F793FDFC356E,A6F32F2AB602223E,2020-02-25,16:28,|1E|,1,2020-02-24 06:33:38,1,25
FC1C7D7AC347A839,8D1FDFBAFC1C7D7AC347A8397AF528D6,BDD888BD7757683F,0660D0083B078B11,954C3334984B5F28,82D977416181506F,2020-02-21,07:15,|5E|,1,2020-02-21 07:07:06,0,21
F49D27AEBB42BB1B,82779875F49D27AEBB42BB1B3B7B65E0,E23AAB625F1C1F93,F2F73A4EEDDC10A7,C73B2C97C355A8DD,C75474E4DA689DE9,2020-02-01,07:40,|6B|,1,2020-01-19 07:40:11,0,1
613F85C7C5C0B9B4,219A488D6E4BF75118786F25182828F7,32B61C9D6E0C4944,9D5C93AAF64AD032,18638FF751A46FD9,82D977416181506F,2020-02-21,07:25,|4B|,1,2020-02-20 21:37:57,0,21
822F756564E7CE95,A22670C4822F756564E7CE9533605916,B929E7A58C958751,CC454F94DD64A721,098BA1672AC21CEE,D1CA25C1C26DD3D7,2020-02-27,07:30,|2B|,1,2020-02-27 07:17:44,0,27
035985EEC14A14C1,777ACD05035985EEC14A14C151A2794B,0F6874EDA6FBE306,C70DC119A9CB1A30,D0B77594825B3C3E,82D977416181506F,2020-02-25,07:35,|3A|,1,2020-02-25 07:30:49,0,25
BAC2C5C2A9CF2F7C,99004696BAC2C5C2A9CF2F7CE44AE0AE,B929E7A58C958751,0D3A8C4DB791F151,098BA1672AC21CEE,D1CA25C1C26DD3D7,2020-02-27,19:00,|6A|,1,2020-02-27 18:53:17,0,27
9D10840E9EA316B1,C24BB3C49D10840E9EA316B170ACE5A7,B929E7A58C958751,4486EC31935E8E98,D1CA25C1C26DD3D7,098BA1672AC21CEE,2020-02-15,17:40,|1D|,1,2020-02-15 17:33:40,1,15
D6EAA2C427561B48,9737C89CD6EAA2C427561B48842CC7DE,E23AAB625F1C1F93,87E22D89433B0B36,C73B2C97C355A8DD,C75474E4DA689DE9,2020-02-12,08:00,|7B|,1,2020-01-23 11:08:56,0,12
91EE8CE2ED1A3A72,286CE13B91EE8CE2ED1A3A720FD6AEBE,CDBAF370B9F0644B,A82DCC5AB6F8AA30,A6F32F2AB602223E,D6A0F793FDFC356E,2020-02-27,07:10,|3D|,1,2020-02-24 13:54:46,0,27
70CFF8143EBA2013,0711FD2C89373ECD49FB17FE04CB0494,9D5BFEC88C8B18B4,B9A8B5BC98C80986,A30DD7D1D78449B4,82D977416181506F,2020-02-28,07:12,|3D|,1,2020-02-27 20:35:03,0,28
9D2FC8182A368BC0,613E7A7A9D2FC8182A368BC0842A5781,B929E7A58C958751,CC454F94DD64A721,098BA1672AC21CEE,D1CA25C1C26DD3D7,2020-02-25,07:10,|1B|,1,2020-02-25 06:46:52,0,25
D7587609B118C21D,B34C853FD7587609B118C21DF7EE25CD,571CE775641F785C,67BC5619802C6E85,8DC32119AFD963B7,96FC21D91B0105C9,2020-02-17,16:28,|1E|,1,2020-02-17 14:44:52,1,17
E87AA768FE99F4A5,F32DBB3CE87AA768FE99F4A5EE86D1C8,B929E7A58C958751,4486EC31935E8E98,D1CA25C1C26DD3D7,098BA1672AC21CEE,2020-02-10,22:10,|7B|,1,2020-02-05 17:37:15,1,10
6BE8BE8622819EF9,85E19BF56BE8BE8622819EF97A47B893,3ED15FFCCE8B8EF8,96778F26954AF258,82D977416181506F,66A89D5AA3B959EC,2020-02-28,17:10,|3A|,1,2020-02-27 17:03:39,1,28
AD63D11DE3485D00,C92D389DAD63D11DE3485D00C229ABD6,236972E505CD3F27,6ECE524AA97E7F42,D110C231EF2477F9,82D977416181506F,2020-02-26,07:45,|1D|,1,2020-02-26 07:38:53,0,26
AD63D11DE3485D00,C92D389DAD63D11DE3485D00C229ABD6,236972E505CD3F27,6ECE524AA97E7F42,82D977416181506F,FED4333EC980DD9E,2020-02-28,17:10,|1D|,1,2020-02-27 17:07:08,1,28
D85F0D00AA7130D4,0F9270A7D85F0D00AA7130D4572C90B8,B929E7A58C958751,0BAF984F14AF891D,D1CA25C1C26DD3D7,098BA1672AC21CEE,2020-02-21,18:30,|2D|,1,2020-02-21 17:48:13,1,21
99D6223E90B9E372,7DC9645F99D6223E90B9E3727266E4B3,B929E7A58C958751,CC454F94DD64A721,BB6863E7D3987C29,D1CA25C1C26DD3D7,2020-02-21,08:10,|8B|,1,2020-02-21 08:07:38,0,21
9600DD07AAECB2B4,C29F54F49600DD07AAECB2B4ABB5CF09,BDD888BD7757683F,0660D0083B078B11,954C3334984B5F28,82D977416181506F,2020-02-26,07:15,|1B|,1,2020-02-26 07:07:56,0,26
23CD8198C6E82F36,BF8147F223CD8198C6E82F36CE7BAEF4,B929E7A58C958751,0D3A8C4DB791F151,D1CA25C1C26DD3D7,098BA1672AC21CEE,2020-02-18,17:30,|1B|,1,2020-02-17 17:34:26,1,18
B2C50962F35219CB,4729248EB2C50962F35219CBD44FF6DE,571CE775641F785C,67BC5619802C6E85,30662F97078EA4D1,96FC21D91B0105C9,2020-02-26,16:28,|1B|,1,2020-02-21 13:01:18,1,26
FD9D70D027F721DF,B2D93E05FD9D70D027F721DF857D62CC,0600DE4D8D6B152F,F7739336A5F629D6,82D977416181506F,6A6264804262372C,2020-02-20,17:10,|6E|,1,2020-02-20 16:44:15,1,20
DA8BD5B4AAC15187,99418B97DA8BD5B4AAC15187861F0C66,D1066910B3BB3772,88FBC58780452455,82D977416181506F,8724E8D02AC2750F,2020-02-28,17:10,|1A|,1,2020-02-28 15:41:53,1,28
4165C522EDEA73FE,4BC7814C4165C522EDEA73FE422E67A4,0F6874EDA6FBE306,C70DC119A9CB1A30,82D977416181506F,922823C47A505516,2020-02-27,17:10,|4B|,1,2020-02-25 17:38:04,1,27
AAAB7078E6F653E7,390BCF8BAAAB7078E6F653E7F012051E,5033083AEFCBFE61,2F6904466B0ADFC0,01AE02DD8366C4A1,D6A0F793FDFC356E,2020-02-17,07:15,|1E|,1,2020-02-13 20:11:16,0,17
46881B8F6EF96BB5,8E8870B846881B8F6EF96BB5151414B9,2328D56837C35E58,6231107D1665415C,82D977416181506F,5C36F022B48ADF61,2020-02-20,17:10,|6E|,1,2020-02-20 16:12:21,1,20
2E493A5636ABF567,46CBEE542E493A5636ABF56766C0B5B5,2E469964C413D5EF,440D0FBA42C48E4D,220C5048326170AF,F22BFC92942DF8D9,2020-02-24,08:41,|7D|,1,2020-02-20 14:22:39,0,24
3159D7A1D8691FC8,3953A6023159D7A1D8691FC80387F839,BDD888BD7757683F,0660D0083B078B11,43F8B4B06A895709,82D977416181506F,2020-02-28,07:15,|7B|,1,2020-02-28 06:30:03,0,28
3CCBE57AA335AF65,53D86DF83CCBE57AA335AF653D7D0FD2,E23AAB625F1C1F93,87E22D89433B0B36,C73B2C97C355A8DD,C75474E4DA689DE9,2020-02-12,08:00,|1D|,1,2020-01-26 11:04:55,0,12
83B0CA8AD1C1BD48,991172D483B0CA8AD1C1BD483E391234,DF631BFE99474EEC,781E932CB7C8314F,82D977416181506F,43E3CACDD8460B9A,2020-02-26,17:10,|8E|,1,2020-02-26 13:52:06,1,26
1903BCECFB69CE19,D684A8731903BCECFB69CE1986D78552,236972E505CD3F27,6ECE524AA97E7F42,D110C231EF2477F9,82D977416181506F,2020-02-27,07:45,|2A|,1,2020-02-26 19:27:34,0,27
E4C830FA21A0F463,7662A69EE4C830FA21A0F46342397A5B,E23AAB625F1C1F93,F2F73A4EEDDC10A7,C73B2C97C355A8DD,C75474E4DA689DE9,2020-02-14,07:40,|2D|,1,2020-01-23 11:19:05,0,14
F0BFA58308D72BEF,6BAF9A32F0BFA58308D72BEFE314C1DC,70E156ECAD52DD7B,4ACD6AE2FAA373B0,48A463D6555D6669,82D977416181506F,2020-02-21,07:25,|4A|,1,2020-02-20 12:26:57,0,21
81C62BFC1D1F2F12,0406CF4F81C62BFC1D1F2F12F1E09F2D,70E156ECAD52DD7B,4ACD6AE2FAA373B0,865888C430FB59E8,D41DF5A7785D5590,2020-02-26,17:10,|2E|,1,2020-02-24 17:56:04,1,26
4D2B9534C9688AFA,47683882CC1CDDD6DBD5DA126C620DEF,3ED15FFCCE8B8EF8,96778F26954AF258,66A89D5AA3B959EC,82D977416181506F,2020-02-28,07:12,|7D|,1,2020-02-28 07:00:07,0,28
AB48ACA6DF4366FA,B0D80196AB48ACA6DF4366FA68649D26,D1066910B3BB3772,88FBC58780452455,43C2742A7E2A34AF,82D977416181506F,2020-02-25,07:20,|5D|,1,2020-02-24 08:06:59,0,25
913DC86F239733C3,40274E20913DC86F239733C3D376A019,1CFF69F65E39CD80,A4597461B78F76DA,82D977416181506F,CC3D8A1D7897014C,2020-02-27,17:10,|2A|,1,2020-02-27 06:51:12,1,27
48156A27C6647240,37CD6FF548156A27C66472401F5577A7,A7725DA7CFB7A115,7A07DFDED6DFF79F,82D977416181506F,58998EA1129EDF80,2020-02-27,17:10,|1B|1A|,2,2020-02-27 07:16:54,1,27
756217F4EF9F589F,4F432D1B756217F4EF9F589F86685797,CDBAF370B9F0644B,A82DCC5AB6F8AA30,0F972995EC28E077,F32391D16F35E61F,2020-02-24,07:10,|2E|,1,2020-02-24 07:11:38,0,24
4C07B1027021E360,000423FB4C07B1027021E360FA7AEBFA,3ED15FFCCE8B8EF8,96778F26954AF258,3928146B8C398DC7,82D977416181506F,2020-02-26,07:12,|5D|,1,2020-02-25 23:31:59,0,26
FC6F47D375A34A19,0E1301E08C6268E921CAA9F3CF0DFA19,A26FD424FE3F1D04,93E4B82D6F3A0CF7,82D977416181506F,A561FF8A0384B1B7,2020-02-28,17:10,|1D|,1,2020-02-28 15:28:27,1,28
AF804AD758BC3305,49A852913C63E752E494CE22BA440CBD,1CFF69F65E39CD80,A4597461B78F76DA,783663DBE0598FB3,82D977416181506F,2020-02-24,07:10,|9E|,1,2020-02-23 21:28:33,0,24
0AA0BD566E88F006,C974C2650AA0BD566E88F00630BB1190,B929E7A58C958751,CC454F94DD64A721,098BA1672AC21CEE,D1CA25C1C26DD3D7,2020-02-27,10:00,|1B|,1,2020-02-27 09:54:17,0,27
6D1DF03A965AD474,FAC6FC056D1DF03A965AD47467ABAFED,050443DA43067C27,178BCE81B83E903B,82D977416181506F,04BADA3C5721167C,2020-02-24,17:10,|3E|,1,2020-02-24 14:48:26,1,24
DD786F4DED7C3EA8,483535EDDD786F4DED7C3EA82824CF67,B929E7A58C958751,CC454F94DD64A721,098BA1672AC21CEE,D1CA25C1C26DD3D7,2020-02-19,06:40,|2B|,1,2020-02-18 06:40:51,0,19
827BDD4D8A6A00D2,8430EA88827BDD4D8A6A00D22907C287,9D5BFEC88C8B18B4,B9A8B5BC98C80986,0B1087427766E73B,82D977416181506F,2020-02-24,07:12,|7E|,1,2020-02-24 07:11:27,0,24
51BC60EE532874DE,5BBF3BB906024258F02075B290BF901B,E23AAB625F1C1F93,F2F73A4EEDDC10A7,C73B2C97C355A8DD,C75474E4DA689DE9,2020-02-10,07:40,|6E|,1,2020-01-25 08:36:36,0,10
D62B8A09EB3EED29,7AF7793FD62B8A09EB3EED29ECC8233B,B929E7A58C958751,356731300B8BD75D,D1CA25C1C26DD3D7,098BA1672AC21CEE,2020-02-21,18:10,|8B|,1,2020-02-21 17:57:42,1,21
8AE750E67552F485,4C42A0EDA38541FC41C10E685BC894C3,B929E7A58C958751,CC454F94DD64A721,098BA1672AC21CEE,D1CA25C1C26DD3D7,2020-02-26,07:30,|3E|,1,2020-02-26 07:23:54,0,26
43C53E396F1B33BE,B9D3006643C53E396F1B33BE784ED77A,3ED15FFCCE8B8EF8,96778F26954AF258,82D977416181506F,DD0F6F90987D9225,2020-02-25,17:10,|3A|,1,2020-02-25 16:59:35,1,25
23CD8198C6E82F36,BF8147F223CD8198C6E82F36CE7BAEF4,B929E7A58C958751,0D3A8C4DB791F151,D1CA25C1C26DD3D7,098BA1672AC21CEE,2020-02-25,17:30,|1B|,1,2020-02-24 07:28:01,1,25
665DDCF578B333E9,C1E8692DBF2EAFBB5325F7BE86109301,571CE775641F785C,67BC5619802C6E85,96FC21D91B0105C9,D6A0F793FDFC356E,2020-02-12,07:40,|1A|,1,2020-02-04 16:28:26,0,12
D37637BDFD7C333C,FD68DF97D37637BDFD7C333CA51EEA88,A484C800188EFA91,8229F12044F78D0D,439FA1C37E4CD8CF,82D977416181506F,2020-02-26,07:05,|3A|,1,2020-02-25 16:38:21,0,26
92EFDB84822CE288,082FA80992EFDB84822CE288B65038C6,1CFF69F65E39CD80,A4597461B78F76DA,50AA61D8A431178D,82D977416181506F,2020-02-25,07:10,|10A|,1,2020-02-24 17:29:28,0,25
00B7826BB6342293,AC52AAFF00B7826BB6342293C9ED6F95,B929E7A58C958751,0BAF984F14AF891D,D1CA25C1C26DD3D7,098BA1672AC21CEE,2020-02-27,17:10,|1B|,1,2020-02-27 16:25:19,1,27
B3E9D54614ED0B9D,8DA7F137B3E9D54614ED0B9D40F40213,A7725DA7CFB7A115,7A07DFDED6DFF79F,82D977416181506F,8EBCFD0AAE905E6B,2020-02-25,17:10,|5B|,1,2020-02-25 15:20:00,1,25
A29458CE8AB3F7AF,B37F8CD9A29458CE8AB3F7AFA44F0197,571CE775641F785C,67BC5619802C6E85,F32391D16F35E61F,D700EB84C20723C3,2020-02-03,16:28,|1D|,1,2020-01-26 17:15:26,1,3
28747E09B44EAF87,C43B8C9C28747E09B44EAF8773F4966D,E23AAB625F1C1F93,87E22D89433B0B36,C73B2C97C355A8DD,C75474E4DA689DE9,2020-02-05,08:00,|2E|,1,2020-01-22 15:37:46,0,5
2025362B99DB375C,7161CCDBBCB16F9FB66A34071A35E222,B929E7A58C958751,CC454F94DD64A721,098BA1672AC21CEE,D1CA25C1C26DD3D7,2020-02-13,08:10,|1B|,1,2020-02-13 07:53:33,0,13
962BCE5A73497553,C4453E6BE2CA50D7F22C42398FADC797,B929E7A58C958751,356731300B8BD75D,D1CA25C1C26DD3D7,098BA1672AC21CEE,2020-02-28,18:10,|6D|,1,2020-02-28 17:53:41,1,28
49F273D3E49258C4,2D9629C549F273D3E49258C43AD983BE,112B56F25E1FAECF,713480279996602A,82D977416181506F,F80E7FE01D369AE9,2020-02-28,17:10,|1A|,1,2020-02-27 17:08:42,1,28
CC5A916B275468D8,3CF16CFACC5A916B275468D8F6726946,7FFED8F885B84129,519E9554120EA4B7,D6A0F793FDFC356E,2750F3C6EF948092,2020-02-17,16:28,|5B|,1,2020-02-12 20:48:57,1,17
298820CE5A115DEE,F9F7E31C298820CE5A115DEEF7B27149,A7725DA7CFB7A115,7A07DFDED6DFF79F,2CA599758934AFD9,82D977416181506F,2020-02-27,07:05,|5D|,1,2020-02-27 06:57:48,0,27
7256E92063EB7B81,2AF237FE7256E92063EB7B81A658CEFA,70E156ECAD52DD7B,4ACD6AE2FAA373B0,82D977416181506F,E150835D8EBCB679,2020-02-27,17:10,|1A|,1,2020-02-27 07:47:51,1,27
199DDB33884C3452,C5F1A73F199DDB33884C345235F6C178,B929E7A58C958751,356731300B8BD75D,D1CA25C1C26DD3D7,098BA1672AC21CEE,2020-02-27,08:00,|7B|,1,2020-02-27 07:50:44,1,27
D7990CFA3F08FCCB,6C81CBA5D7990CFA3F08FCCBD9850B1E,E23AAB625F1C1F93,87E22D89433B0B36,C73B2C97C355A8DD,C75474E4DA689DE9,2020-02-12,08:00,|2E|,1,2020-02-02 19:15:20,0,12
A31E8682C1A098EA,F52563C0A31E8682C1A098EA48BE6B75,B929E7A58C958751,CC454F94DD64A721,098BA1672AC21CEE,D1CA25C1C26DD3D7,2020-02-11,08:10,|1B|,1,2020-02-08 02:03:03,0,11
B017B08806FFA5EF,CC9647ECB017B08806FFA5EFC6FC9B09,0F6874EDA6FBE306,C70DC119A9CB1A30,82D977416181506F,922823C47A505516,2020-02-27,17:10,|7D|,1,2020-02-27 07:19:46,1,27
733CDB3CE57BE1B5,7CBBB2E9733CDB3CE57BE1B5B064D68A,A484C800188EFA91,8229F12044F78D0D,82D977416181506F,78FDDACB11F2A2FC,2020-02-28,17:10,|C|,1,2020-02-28 16:39:24,1,28
76189A5BAFEC5373,BF5AA5108E4DF71557E53CD4E9A5AD78,F87F06166E3D11FD,E08702F92DFD3237,D8642845D041FD35,82D977416181506F,2020-02-27,07:05,|10E|,1,2020-02-24 17:29:32,0,27
B91ABBFC7C942920,F2755C2DB91ABBFC7C9429204DD0D7D8,B929E7A58C958751,4486EC31935E8E98,D1CA25C1C26DD3D7,098BA1672AC21CEE,2020-02-17,18:50,|1E|,1,2020-02-17 18:26:40,1,17
A6E51C0917C89A1B,16193CA0A6E51C0917C89A1B19271360,1CFF69F65E39CD80,A4597461B78F76DA,50AA61D8A431178D,82D977416181506F,2020-02-27,07:10,|1B|,1,2020-02-25 22:51:24,0,27
F05D2D8D29677195,31097AE47854578173F0F44067A6F82E,E23AAB625F1C1F93,87E22D89433B0B36,C75474E4DA689DE9,C73B2C97C355A8DD,2020-02-05,17:15,|1B|,1,2020-01-29 20:57:14,1,5
096C60333C35DBB9,5320F33A096C60333C35DBB9EBD673B2,08B42A59C5D27BF7,C04F1CEAEE3DA4D8,1D85AFE111541C3E,82D977416181506F,2020-02-28,07:30,|10D|,1,2020-02-27 21:21:39,0,28
1C7010F786E071CD,E04253A81C7010F786E071CD0272A991,112B56F25E1FAECF,713480279996602A,7CB1EAE377CB926B,82D977416181506F,2020-02-25,07:25,|4E|,1,2020-02-20 11:02:34,0,25
161289A2EBB49B51,D0A003F5161289A2EBB49B51001C3ABA,B929E7A58C958751,356731300B8BD75D,D1CA25C1C26DD3D7,098BA1672AC21CEE,2020-02-21,08:00,|5D|,1,2020-02-19 08:11:07,1,21
B91ABBFC7C942920,F2755C2DB91ABBFC7C9429204DD0D7D8,B929E7A58C958751,CC454F94DD64A721,098BA1672AC21CEE,D1CA25C1C26DD3D7,2020-02-25,08:10,|1D|,1,2020-02-25 00:39:27,0,25
0FF97C48060FC0D9,104A28810FF97C48060FC0D9FD6F7718,A484C800188EFA91,8229F12044F78D0D,82D977416181506F,78FDDACB11F2A2FC,2020-02-26,17:10,|2A|,1,2020-02-25 18:37:31,1,26
563E0BC95F44B6AB,B4154BAA563E0BC95F44B6AB1D4CED6B,5033083AEFCBFE61,2F6904466B0ADFC0,A6985A9E717D85E6,11272DC12BF69C42,2020-02-26,16:28,|3A|,1,2020-02-26 14:33:44,1,26
F9443F374BE2050C,971D40F4F9443F374BE2050C9038C7EA,B929E7A58C958751,CC454F94DD64A721,098BA1672AC21CEE,D1CA25C1C26DD3D7,2020-02-22,06:40,|2D|,1,2020-02-22 06:07:54,0,22
B1CFD4A639216CD1,53BFDA7058CDCC5DE4E08BDF11406F21,E23AAB625F1C1F93,F2F73A4EEDDC10A7,C73B2C97C355A8DD,C75474E4DA689DE9,2020-02-07,07:40,|6A|,1,2020-01-26 19:02:16,0,7
889C60B0802E7936,46F74710D91A3868822D7A4DFF7C3AEE,4D9F5FB800F29DEF,5F10F9FC03201691,04BDDC9FD3D16145,82D977416181506F,2020-02-26,07:10,|6D|,1,2020-02-26 07:08:46,0,26
D8FDCDD46BDB8A38,7EDF0B34D8FDCDD46BDB8A38B7708C03,B929E7A58C958751,4486EC31935E8E98,D1CA25C1C26DD3D7,098BA1672AC21CEE,2020-02-28,18:50,|7B|,1,2020-02-28 18:42:52,1,28
9AD6686AA5579644,1A07DC6F9AD6686AA5579644BFF7530E,70E156ECAD52DD7B,4ACD6AE2FAA373B0,FE7CDD8DA0C1776C,82D977416181506F,2020-02-24,07:25,|9A|,1,2020-02-24 06:53:16,0,24
91F4130606784699,3F65D5ED51EB78A88BC74F04DF418E90,F590638A43460B54,7C75DBF363DE8A0C,82D977416181506F,37FCD6A42F97581F,2020-02-27,17:10,|7E|,1,2020-02-27 16:35:02,1,27
BAEDCDDDFC2C23DF,B8122905BAEDCDDDFC2C23DF2B51A2C9,A26FD424FE3F1D04,93E4B82D6F3A0CF7,82D977416181506F,FA1E8AAAC7E7ECF7,2020-02-25,17:10,|3B|,1,2020-02-25 07:35:48,1,25
73F363F1217897E9,052A54C873F363F1217897E949970C5B,1CFF69F65E39CD80,A4597461B78F76DA,82D977416181506F,845FFF834A204D58,2020-02-20,17:10,|10B|,1,2020-02-20 16:12:57,1,20
F3A1EB4711877813,0E4A6E1315723BDC94F4A8FB14F1AF0B,AEF69E317BDD2FEB,3B5B4F3543AEDC96,67C538EF3854DB47,F22BFC92942DF8D9,2020-02-26,08:20,|10B|,1,2020-02-20 14:22:54,0,26
9600DD07AAECB2B4,C29F54F49600DD07AAECB2B4ABB5CF09,BDD888BD7757683F,0660D0083B078B11,954C3334984B5F28,82D977416181506F,2020-02-21,07:15,|1B|,1,2020-02-20 19:35:37,0,21
02F4B834EA6C52E0,A41BAF8402F4B834EA6C52E06D3AB797,571CE775641F785C,67BC5619802C6E85,F32391D16F35E61F,96FC21D91B0105C9,2020-02-14,16:28,|6E|,1,2020-02-13 16:21:14,1,14
CED3D92CF686E666,2CD1648ACED3D92CF686E666A7CE96D9,112B56F25E1FAECF,713480279996602A,82D977416181506F,F80E7FE01D369AE9,2020-02-25,17:10,|10A|,1,2020-02-24 17:37:49,1,25
DF4CF84364DC3F0E,8C6CE9C0DF4CF84364DC3F0E11AEFC2A,B929E7A58C958751,4486EC31935E8E98,D1CA25C1C26DD3D7,098BA1672AC21CEE,2020-02-16,21:10,|4B|,1,2020-02-16 20:04:43,1,16
1C87AD3E01F242A2,0C3DEF87610D5E10C1BBC62C199876BA,112B56F25E1FAECF,713480279996602A,7CB1EAE377CB926B,82D977416181506F,2020-02-25,07:25,|4A|,1,2020-02-23 20:37:29,0,25
1801663D56C829A4,0F5822601801663D56C829A4D55C9C23,9D5BFEC88C8B18B4,B9A8B5BC98C80986,0B1087427766E73B,82D977416181506F,2020-02-21,07:12,|10D|,1,2020-02-20 16:59:07,0,21
7B6DD9E82F9EB28B,400904417B6DD9E82F9EB28B767DCDD4,112B56F25E1FAECF,713480279996602A,7CB1EAE377CB926B,82D977416181506F,2020-02-20,07:25,|9A|,1,2020-02-19 09:00:54,0,20
1A9A436CB86A0825,704F1846384B182FD307D2945356B477,BDD888BD7757683F,0660D0083B078B11,82D977416181506F,77E18A851171CA0B,2020-02-21,17:10,|1E|,1,2020-02-21 09:05:02,1,21
F8AC7F3DF24C9011,0B9EC6FAF8AC7F3DF24C9011541069B2,D7A0FFD5222FA8C6,5C97B17B8C9DCBAB,DCF51C296720B9DE,65AF7648CCB20620,2020-02-18,17:20,|4A|,1,2020-02-10 08:42:11,1,18
23CD8198C6E82F36,BF8147F223CD8198C6E82F36CE7BAEF4,B929E7A58C958751,CC454F94DD64A721,098BA1672AC21CEE,D1CA25C1C26DD3D7,2020-02-11,06:40,|1B|,1,2020-02-10 15:14:42,0,11
CE07D58D27079E87,20E312F7D8F06C910DC3301E83DFF434,2E469964C413D5EF,7760125C7D354A58,220C5048326170AF,F22BFC92942DF8D9,2020-02-24,08:05,|1E|,1,2020-02-19 22:06:03,0,24
905C0AAFB16A48A6,4DB41307905C0AAFB16A48A634B23562,B929E7A58C958751,CC454F94DD64A721,098BA1672AC21CEE,D1CA25C1C26DD3D7,2020-02-28,08:10,|6B|,1,2020-02-27 08:10:29,0,28
D6546FF0F2986615,BFDDA1201F71384F8F395EAAEB91BDA8,B929E7A58C958751,CC454F94DD64A721,D1CA25C1C26DD3D7,098BA1672AC21CEE,2020-02-18,10:10,|1B|,1,2020-02-17 18:20:55,1,18
CC5A916B275468D8,3CF16CFACC5A916B275468D8F6726946,7FFED8F885B84129,519E9554120EA4B7,2750F3C6EF948092,D6A0F793FDFC356E,2020-02-24,07:20,|7A|,1,2020-02-23 09:13:26,0,24
6B0AC205A35DD274,D5F16068373346FFA24973419ADC5020,1CFF69F65E39CD80,A4597461B78F76DA,DC7FEFE74813A25F,82D977416181506F,2020-02-24,07:10,|4B|,1,2020-02-24 07:01:24,0,24
F70B3A61BD408141,4E0F233CF70B3A61BD408141EABC5F9C,7FFED8F885B84129,519E9554120EA4B7,F828D3A4B9ECBC8B,F32391D16F35E61F,2020-02-26,07:20,|4B|,1,2020-02-25 15:59:01,0,26
9D2FC8182A368BC0,613E7A7A9D2FC8182A368BC0842A5781,B929E7A58C958751,CC454F94DD64A721,098BA1672AC21CEE,D1CA25C1C26DD3D7,2020-02-14,07:30,|1B|,1,2020-02-14 06:31:36,0,14
322700D892CD22FA,9B759019322700D892CD22FA5F2341B8,A26FD424FE3F1D04,93E4B82D6F3A0CF7,FD58F2549728E278,82D977416181506F,2020-02-21,07:05,|8D|,1,2020-02-20 17:02:20,0,21
ABF68182AAC2A25F,A4E67012ABF68182AAC2A25FF5A6D4D9,A484C800188EFA91,8229F12044F78D0D,82D977416181506F,78FDDACB11F2A2FC,2020-02-21,17:10,|10B|,1,2020-02-20 15:45:22,1,21
7CD7B1C072AE61FE,6AE7EF887CD7B1C072AE61FE2BD806C7,B929E7A58C958751,CC454F94DD64A721,D1CA25C1C26DD3D7,098BA1672AC21CEE,2020-02-11,07:20,|2D|,1,2020-02-11 06:41:59,1,11
578CCA57D7561B2C,4A76BFB5578CCA57D7561B2CBE1F27F4,B929E7A58C958751,4486EC31935E8E98,D1CA25C1C26DD3D7,098BA1672AC21CEE,2020-02-25,19:40,|7B|,1,2020-02-25 19:04:35,1,25
26172E8F3AEB827F,A8D5D4FF30C6949BF4FE3C8F8F0A725F,56D7DE3FC156DBB3,606DD2F940CDFE4C,9367E6E8C6D3EF94,F22BFC92942DF8D9,2020-02-11,08:25,|6D|6E|,2,2020-02-06 01:55:57,0,11
D8FDCDD46BDB8A38,7EDF0B34D8FDCDD46BDB8A38B7708C03,B929E7A58C958751,4486EC31935E8E98,D1CA25C1C26DD3D7,098BA1672AC21CEE,2020-02-24,18:50,|8D|,1,2020-02-24 18:40:00,1,24
BA3734CDF1213E4F,85B236FCBA3734CDF1213E4F1462A1A0,2E469964C413D5EF,7760125C7D354A58,220C5048326170AF,F22BFC92942DF8D9,2020-02-24,08:53,|2A|,1,2020-02-21 12:15:29,0,24
D035AA5A5088E4AC,59C1168BD035AA5A5088E4AC48D4EBA3,CDBAF370B9F0644B,A82DCC5AB6F8AA30,A6985A9E717D85E6,0F972995EC28E077,2020-02-14,16:28,|9D|,1,2020-02-14 13:08:32,1,14
51BC60EE532874DE,5BBF3BB906024258F02075B290BF901B,E23AAB625F1C1F93,F2F73A4EEDDC10A7,C73B2C97C355A8DD,C75474E4DA689DE9,2020-02-07,07:40,|6E|,1,2020-01-25 08:36:00,0,7
068385B1142F8497,8DD6DDB1068385B1142F84976A6DD58A,7FFED8F885B84129,519E9554120EA4B7,8DC32119AFD963B7,2750F3C6EF948092,2020-02-21,16:28,|8D|,1,2020-02-08 09:26:04,1,21
36E6A2CCD40DCEBC,B442F08736E6A2CCD40DCEBC3A1D4EA2,E23AAB625F1C1F93,87E22D89433B0B36,C73B2C97C355A8DD,C75474E4DA689DE9,2020-02-11,08:00,|1B|,1,2020-01-23 11:43:54,0,11
9C91B4258000CA54,88D7CD809C91B4258000CA548F2E8D34,A7725DA7CFB7A115,7A07DFDED6DFF79F,2CA599758934AFD9,82D977416181506F,2020-02-21,07:05,|2E|,1,2020-02-20 13:37:46,0,21
822F756564E7CE95,A22670C4822F756564E7CE9533605916,B929E7A58C958751,4486EC31935E8E98,D1CA25C1C26DD3D7,098BA1672AC21CEE,2020-02-27,21:10,|1B|,1,2020-02-27 20:42:56,1,27
7428E61E31711CC0,69D46A9E7428E61E31711CC00554E0C1,F590638A43460B54,7C75DBF363DE8A0C,82D977416181506F,53708FDE34820170,2020-02-24,17:10,|8D|,1,2020-02-23 21:46:06,1,24
161289A2EBB49B51,D0A003F5161289A2EBB49B51001C3ABA,B929E7A58C958751,0D3A8C4DB791F151,098BA1672AC21CEE,D1CA25C1C26DD3D7,2020-02-18,17:20,|7D|,1,2020-02-17 17:17:11,0,18
613F85C7C5C0B9B4,219A488D6E4BF75118786F25182828F7,32B61C9D6E0C4944,9D5C93AAF64AD032,18638FF751A46FD9,82D977416181506F,2020-02-20,07:25,|3B|,1,2020-02-20 06:37:40,0,20
91F4130606784699,3F65D5ED51EB78A88BC74F04DF418E90,F590638A43460B54,7C75DBF363DE8A0C,6B3E1342ABA45D07,82D977416181506F,2020-02-28,07:25,|8A|,1,2020-02-25 16:45:34,0,28
B2C50962F35219CB,4729248EB2C50962F35219CBD44FF6DE,571CE775641F785C,67BC5619802C6E85,30662F97078EA4D1,96FC21D91B0105C9,2020-02-14,16:28,|1B|,1,2020-02-04 16:26:37,1,14
9D054DF070732885,BA2DCEA39D054DF070732885E2EE6806,AEF69E317BDD2FEB,3B5B4F3543AEDC96,816868E712FF3071,67C538EF3854DB47,2020-02-24,18:30,|5D|,1,2020-02-19 22:50:07,1,24
D6EAA2C427561B48,9737C89CD6EAA2C427561B48842CC7DE,E23AAB625F1C1F93,87E22D89433B0B36,C75474E4DA689DE9,C73B2C97C355A8DD,2020-02-14,17:15,|3E|,1,2020-01-29 20:26:16,1,14
93D8B6D704E3FBF4,692325F993D8B6D704E3FBF454DE6EA0,571CE775641F785C,67BC5619802C6E85,8DC32119AFD963B7,96FC21D91B0105C9,2020-02-28,16:28,|7B|,1,2020-02-26 13:36:53,1,28
B37B71FCA9D6F78C,6012ED42B37B71FCA9D6F78C760A1AD5,7FFED8F885B84129,519E9554120EA4B7,F828D3A4B9ECBC8B,2750F3C6EF948092,2020-02-27,16:28,|10E|,1,2020-02-27 16:32:59,1,27
02F4B834EA6C52E0,A41BAF8402F4B834EA6C52E06D3AB797,571CE775641F785C,67BC5619802C6E85,96FC21D91B0105C9,F32391D16F35E61F,2020-02-13,07:40,|6E|,1,2020-02-12 09:40:10,0,13
52BEE4136287C04C,7374DA8052BEE4136287C04CFB375296,F590638A43460B54,7C75DBF363DE8A0C,82D977416181506F,A24A22A8B25F2A1B,2020-02-24,17:10,|2B|,1,2020-02-24 16:35:51,1,24
A66F9542F4564AA0,8A82146BA66F9542F4564AA0EA3BB148,B929E7A58C958751,4486EC31935E8E98,D1CA25C1C26DD3D7,098BA1672AC21CEE,2020-02-22,20:40,|3D|,1,2020-02-22 20:29:56,1,22
F3A1EB4711877813,0E4A6E1315723BDC94F4A8FB14F1AF0B,AEF69E317BDD2FEB,3B5B4F3543AEDC96,816868E712FF3071,67C538EF3854DB47,2020-02-26,19:15,|8B|,1,2020-02-20 14:25:19,1,26
8A5305D95E1644DE,316908708A5305D95E1644DE4C372F34,B929E7A58C958751,CC454F94DD64A721,098BA1672AC21CEE,D1CA25C1C26DD3D7,2020-02-26,07:10,|1D|,1,2020-02-26 06:43:06,0,26
DF4CF84364DC3F0E,8C6CE9C0DF4CF84364DC3F0E11AEFC2A,B929E7A58C958751,CC454F94DD64A721,098BA1672AC21CEE,D1CA25C1C26DD3D7,2020-02-22,05:10,|5B|,1,2020-02-21 18:33:28,0,22
CCA24075DCBE7180,7B61D5C2CCA24075DCBE7180365F8E96,F87F06166E3D11FD,E08702F92DFD3237,4033BB30BE584723,82D977416181506F,2020-02-25,07:05,|4B|,1,2020-02-22 08:11:11,0,25
403E29AE925D1708,D2822F97403E29AE925D17089CD46314,B929E7A58C958751,CC454F94DD64A721,098BA1672AC21CEE,D1CA25C1C26DD3D7,2020-02-27,08:10,|6D|,1,2020-02-27 06:52:11,0,27
E4F25765E40BFE61,29A2B53AE4F25765E40BFE61FF7F917A,32B61C9D6E0C4944,9D5C93AAF64AD032,82D977416181506F,63D5BC1A5B863D88,2020-02-20,17:10,|5D|,1,2020-02-20 16:59:43,1,20
F7DB472CB198221A,84EDDB58F7DB472CB198221AC3D50E75,BDD888BD7757683F,0660D0083B078B11,7966F7DDB04DB220,82D977416181506F,2020-02-28,07:15,|4B|,1,2020-02-27 17:02:19,0,28
C880BB0AC0200653,AA047820C880BB0AC0200653E0B41819,F5AE13D8C2BCF641,BECA44B21335B105,FCA160BCDAE37D50,F32391D16F35E61F,2020-02-13,07:25,|5D|,1,2020-02-12 15:51:26,0,13
FD8ACEBFC9571814,D7CB0FB4FD8ACEBFC957181485A98548,E23AAB625F1C1F93,F2F73A4EEDDC10A7,C73B2C97C355A8DD,C75474E4DA689DE9,2020-02-11,07:40,|1B|,1,2020-01-23 11:23:47,0,11
A94B0ED36136241B,30A38515A94B0ED36136241B8F61306F,AEF69E317BDD2FEB,3B5B4F3543AEDC96,816868E712FF3071,67C538EF3854DB47,2020-02-24,18:30,|5E|,1,2020-02-20 16:36:22,1,24
5C799832F8B94CFF,A52490EB5C799832F8B94CFFC3DA85E2,571CE775641F785C,67BC5619802C6E85,96FC21D91B0105C9,8DC32119AFD963B7,2020-02-25,07:40,|3B|,1,2020-02-24 16:19:02,0,25
FDC74DD276D0E3B9,430734ADFDC74DD276D0E3B9DD72528D,7FFED8F885B84129,519E9554120EA4B7,2750F3C6EF948092,D6A0F793FDFC356E,2020-02-17,07:20,|8B|,1,2020-02-15 13:11:47,0,17
76189A5BAFEC5373,BF5AA5108E4DF71557E53CD4E9A5AD78,F87F06166E3D11FD,E08702F92DFD3237,D8642845D041FD35,82D977416181506F,2020-02-26,07:05,|10E|,1,2020-02-24 17:28:27,0,26
A3A9B74F49904E8C,9A847D2AA3A9B74F49904E8CBF2E056D,B929E7A58C958751,4486EC31935E8E98,D1CA25C1C26DD3D7,098BA1672AC21CEE,2020-02-16,21:10,|1D|,1,2020-02-16 20:30:55,1,16
5A0F9AB14800DC2B,B29B87EE5A0F9AB14800DC2B499B60DE,112B56F25E1FAECF,713480279996602A,7CB1EAE377CB926B,82D977416181506F,2020-02-24,07:25,|3E|,1,2020-02-21 12:23:59,0,24
905C0AAFB16A48A6,4DB41307905C0AAFB16A48A634B23562,B929E7A58C958751,0D3A8C4DB791F151,D1CA25C1C26DD3D7,098BA1672AC21CEE,2020-02-21,19:10,|6B|,1,2020-02-21 18:36:53,1,21
AE0D0BC2F1DFCD7E,C75FB0CFAE0D0BC2F1DFCD7E4AD88B7B,2E469964C413D5EF,5E7575428A726CEC,816868E712FF3071,220C5048326170AF,2020-02-26,18:31,|1B|,1,2020-02-20 14:15:25,1,26
D8FDCDD46BDB8A38,7EDF0B34D8FDCDD46BDB8A38B7708C03,B929E7A58C958751,4486EC31935E8E98,D1CA25C1C26DD3D7,098BA1672AC21CEE,2020-02-27,19:40,|6D|,1,2020-02-27 18:30:28,1,27
FC6F47D375A34A19,0E1301E08C6268E921CAA9F3CF0DFA19,A26FD424FE3F1D04,93E4B82D6F3A0CF7,222F8A80CBF4C8FA,82D977416181506F,2020-02-21,07:05,|1D|,1,2020-02-20 17:02:33,0,21
60E9539962AB5CF2,5BD1A6870923A756747DE92AFE4AC3F2,C6F51F3B996E6676,0BAF984F14AF891D,39A8226019CFFB5C,D7DD1515D49C5BF9,2020-02-27,17:25,|1B|,1,2020-02-26 18:59:39,1,27
4C07B1027021E360,000423FB4C07B1027021E360FA7AEBFA,3ED15FFCCE8B8EF8,96778F26954AF258,82D977416181506F,1E077798E8CB412D,2020-02-27,17:10,|5D|,1,2020-02-27 16:05:02,1,27
DD786F4DED7C3EA8,483535EDDD786F4DED7C3EA82824CF67,B929E7A58C958751,CC454F94DD64A721,098BA1672AC21CEE,D1CA25C1C26DD3D7,2020-02-27,06:40,|2B|,1,2020-02-26 06:41:27,0,27
7E6D12C4EDE9091F,FDB19E857E6D12C4EDE9091F22A9153E,49A4A5B9565CAECE,0497342CEEA72A47,7E5574083E1C53B2,8DC32119AFD963B7,2020-02-27,07:15,|9B|,1,2020-02-27 06:24:21,0,27
5D60115F29A61F86,88130C775D60115F29A61F86B2E806E8,CDBAF370B9F0644B,A82DCC5AB6F8AA30,A6F32F2AB602223E,D6A0F793FDFC356E,2020-02-26,07:10,|6B|,1,2020-02-26 02:50:02,0,26
822F756564E7CE95,A22670C4822F756564E7CE9533605916,B929E7A58C958751,CC454F94DD64A721,098BA1672AC21CEE,D1CA25C1C26DD3D7,2020-02-10,07:10,|6B|,1,2020-02-10 06:52:30,0,10
822F756564E7CE95,A22670C4822F756564E7CE9533605916,B929E7A58C958751,CC454F94DD64A721,098BA1672AC21CEE,D1CA25C1C26DD3D7,2020-02-17,07:30,|2B|,1,2020-02-17 07:00:38,0,17
EFCA53CEB6D29A7A,0D55276FEFCA53CEB6D29A7AAA536BBC,D1066910B3BB3772,88FBC58780452455,43C2742A7E2A34AF,82D977416181506F,2020-02-24,07:20,|3D|,1,2020-02-21 16:45:30,0,24
905C0AAFB16A48A6,4DB41307905C0AAFB16A48A634B23562,B929E7A58C958751,CC454F94DD64A721,098BA1672AC21CEE,D1CA25C1C26DD3D7,2020-02-21,08:10,|5B|,1,2020-02-20 16:35:38,0,21
8812ACD494A7B403,ECED40A58812ACD494A7B403DA8A7A75,E23AAB625F1C1F93,F2F73A4EEDDC10A7,C73B2C97C355A8DD,C75474E4DA689DE9,2020-02-10,07:40,|6D|,1,2020-01-26 13:16:21,0,10
6ACD5A18A068A223,8057EE8C6ACD5A18A068A2235DFAD682,3635A2A5F8BD859F,7A246F7A4B94B616,F68BCCD26477AD11,1CD39BD6CE1FA4E7,2020-02-27,08:15,|1A|,1,2020-02-25 17:47:26,0,27
46881B8F6EF96BB5,8E8870B846881B8F6EF96BB5151414B9,2328D56837C35E58,6231107D1665415C,D6C9B21D89323DC4,82D977416181506F,2020-02-21,07:10,|6D|,1,2020-02-20 17:03:38,0,21
78E2B52611A715E6,6CE4B47B78E2B52611A715E6B51367F3,F5AE13D8C2BCF641,BECA44B21335B105,FCA160BCDAE37D50,30662F97078EA4D1,2020-02-13,07:25,|1D|,1,2020-02-10 13:29:08,0,13
F32657CDE13A4E9E,7FE223A3F32657CDE13A4E9ED8520735,571CE775641F785C,67BC5619802C6E85,96FC21D91B0105C9,8DC32119AFD963B7,2020-02-20,07:40,|5E|,1,2020-02-19 23:35:03,0,20
2631792F1E29856C,B3BEF9C22631792F1E29856C511B4E4A,B929E7A58C958751,CC454F94DD64A721,D1CA25C1C26DD3D7,098BA1672AC21CEE,2020-02-26,08:20,|5A|,1,2020-02-26 08:04:02,1,26
D6D396D56D851CC5,E8A7464FD6D396D56D851CC5BD4DF327,A484C800188EFA91,8229F12044F78D0D,D29200E1572EA776,82D977416181506F,2020-02-21,07:05,|9E|,1,2020-02-20 19:33:38,0,21
DA89B14900721CE4,536B858EDA89B14900721CE4D1CA19EF,CDBAF370B9F0644B,A82DCC5AB6F8AA30,8DC32119AFD963B7,0F972995EC28E077,2020-02-11,16:28,|7A|,1,2020-02-11 07:37:17,1,11
FDAEA27B4B49F816,6A093D14FDAEA27B4B49F816D894FE26,4D9F5FB800F29DEF,5F10F9FC03201691,82D977416181506F,9FFF8B1DE8335AB7,2020-02-25,17:10,|4A|,1,2020-02-25 16:56:13,1,25
49F89517E8BC1DFD,138DCB5849F89517E8BC1DFD93A2DD71,A26FD424FE3F1D04,93E4B82D6F3A0CF7,82D977416181506F,A9B915FA0DE7B312,2020-02-28,17:10,|2B|,1,2020-02-28 06:04:37,1,28
9F5111EC565F029D,A585F5CA9F5111EC565F029DC59750D6,D1066910B3BB3772,88FBC58780452455,3F306A70F2E27C4D,82D977416181506F,2020-02-28,07:20,|6A|,1,2020-02-26 17:00:53,0,28
0FFD28A97F51CE75,CCA9D8B90FFD28A97F51CE75ACF68F87,B929E7A58C958751,CC454F94DD64A721,098BA1672AC21CEE,D1CA25C1C26DD3D7,2020-02-20,05:40,|1B|,1,2020-02-19 05:51:47,0,20
1ADD2922A66EB634,77E420FA1ADD2922A66EB6349F1D47D7,B929E7A58C958751,CC454F94DD64A721,098BA1672AC21CEE,D1CA25C1C26DD3D7,2020-02-23,06:10,|1B|,1,2020-02-22 21:50:44,0,23
DCADA79C4EF7A9AF,7BBCD43ADCADA79C4EF7A9AFF9AA71DB,08B42A59C5D27BF7,C04F1CEAEE3DA4D8,881CCB8D1F4362C3,82D977416181506F,2020-02-25,07:30,|5E|,1,2020-02-25 07:24:19,0,25
D68E1D7CA1A57B81,D1139964D4C4982A743D9E12D0F1B40E,08B42A59C5D27BF7,C04F1CEAEE3DA4D8,881CCB8D1F4362C3,82D977416181506F,2020-02-24,07:30,|5A|,1,2020-02-23 21:57:44,0,24
4E5A187A8258F0B3,3EE496834E5A187A8258F0B3E7F8BF4B,49A4A5B9565CAECE,0497342CEEA72A47,D9F1BB37140195E0,30662F97078EA4D1,2020-02-20,07:15,|10E|,1,2020-02-19 21:53:30,0,20
E67F6E5E0DC508AB,211B2B616DFF3A3AA34676BACE86E54C,9D5BFEC88C8B18B4,B9A8B5BC98C80986,0B1087427766E73B,82D977416181506F,2020-02-27,07:12,|8A|,1,2020-02-26 23:31:19,0,27
CE07D58D27079E87,20E312F7D8F06C910DC3301E83DFF434,F9C537C7D4A58E8C,5E7575428A726CEC,47A180AA252BFD0F,F22BFC92942DF8D9,2020-02-12,08:05,|1E|,1,2020-01-30 11:15:18,0,12
29F5B6D4A1E600CD,26E53A8829F5B6D4A1E600CD981BBD98,BDD888BD7757683F,0660D0083B078B11,82D977416181506F,66153CB8374CD3A8,2020-02-28,17:10,|7D|,1,2020-02-28 16:46:59,1,28
824429F5A61E7337,3775D986824429F5A61E73371C7A4188,A26FD424FE3F1D04,93E4B82D6F3A0CF7,D12B101752097380,82D977416181506F,2020-02-20,07:05,|5E|,1,2020-02-19 14:54:09,0,20
613F85C7C5C0B9B4,219A488D6E4BF75118786F25182828F7,32B61C9D6E0C4944,9D5C93AAF64AD032,18638FF751A46FD9,82D977416181506F,2020-02-24,07:25,|4B|,1,2020-02-21 21:08:22,0,24
8F464D3D356F730A,B722CC3C8F464D3D356F730A518E2928,112B56F25E1FAECF,713480279996602A,7CB1EAE377CB926B,82D977416181506F,2020-02-28,07:25,|3A|,1,2020-02-26 17:26:20,0,28
97EC067EAD2DBFFB,1FF6A43097EC067EAD2DBFFB9259C303,B929E7A58C958751,4486EC31935E8E98,098BA1672AC21CEE,D1CA25C1C26DD3D7,2020-02-25,17:40,|5E|,1,2020-02-25 17:08:14,0,25
38BB10A363EE68CD,511590FA38BB10A363EE68CD6912FD5E,08B42A59C5D27BF7,C04F1CEAEE3DA4D8,1D85AFE111541C3E,82D977416181506F,2020-02-28,07:30,|7A|,1,2020-02-28 07:20:56,0,28
665DDCF578B333E9,C1E8692DBF2EAFBB5325F7BE86109301,571CE775641F785C,67BC5619802C6E85,30662F97078EA4D1,96FC21D91B0105C9,2020-02-11,16:28,|1A|,1,2020-01-30 08:33:47,1,11
78E2B52611A715E6,6CE4B47B78E2B52611A715E6B51367F3,F5AE13D8C2BCF641,BECA44B21335B105,FCA160BCDAE37D50,30662F97078EA4D1,2020-02-27,07:25,|1D|,1,2020-02-22 13:06:45,0,27
899668E4C7F8E218,9EB5807D899668E4C7F8E21838B44920,2E469964C413D5EF,30FD372FB64C31B5,220C5048326170AF,F22BFC92942DF8D9,2020-02-24,08:13,|8B|,1,2020-02-21 10:50:55,0,24
23CD8198C6E82F36,BF8147F223CD8198C6E82F36CE7BAEF4,B929E7A58C958751,0D3A8C4DB791F151,D1CA25C1C26DD3D7,098BA1672AC21CEE,2020-02-21,17:30,|1B|,1,2020-02-19 06:40:57,1,21
A3A9B74F49904E8C,9A847D2AA3A9B74F49904E8CBF2E056D,B929E7A58C958751,CC454F94DD64A721,098BA1672AC21CEE,D1CA25C1C26DD3D7,2020-02-19,06:40,|2D|,1,2020-02-18 19:38:16,0,19
E1B72F48E4B8BF23,F4147F66E1B72F48E4B8BF2368043917,571CE775641F785C,67BC5619802C6E85,D700EB84C20723C3,8DC32119AFD963B7,2020-02-10,07:40,|5A|,1,2020-02-07 14:17:09,0,10
01514BF9592B3118,0DC3B9AB01514BF9592B31184025ECB9,E23AAB625F1C1F93,F2F73A4EEDDC10A7,C73B2C97C355A8DD,C75474E4DA689DE9,2020-02-18,07:40,|6E|,1,2020-02-03 23:21:30,0,18
096C60333C35DBB9,5320F33A096C60333C35DBB9EBD673B2,08B42A59C5D27BF7,C04F1CEAEE3DA4D8,82D977416181506F,B9DAD7491A51945C,2020-02-28,17:10,|10B|,1,2020-02-28 16:51:27,1,28
47DA481CF9D76E42,FF3D536247DA481CF9D76E42AAD1791D,B929E7A58C958751,0BAF984F14AF891D,D1CA25C1C26DD3D7,098BA1672AC21CEE,2020-02-20,18:30,|5D|,1,2020-02-20 17:49:39,1,20
EFB2B68EFCE713BB,D8C1EB86EFB2B68EFCE713BBC03A40F9,F87F06166E3D11FD,E08702F92DFD3237,82D977416181506F,D8642845D041FD35,2020-02-28,17:10,|4E|,1,2020-02-28 12:59:34,1,28
824429F5A61E7337,3775D986824429F5A61E73371C7A4188,A26FD424FE3F1D04,93E4B82D6F3A0CF7,D12B101752097380,82D977416181506F,2020-02-27,07:05,|5E|,1,2020-02-26 07:05:02,0,27
F0BFA58308D72BEF,6BAF9A32F0BFA58308D72BEFE314C1DC,70E156ECAD52DD7B,4ACD6AE2FAA373B0,82D977416181506F,865888C430FB59E8,2020-02-24,17:10,|4A|,1,2020-02-23 14:40:02,1,24
47DA481CF9D76E42,FF3D536247DA481CF9D76E42AAD1791D,B929E7A58C958751,356731300B8BD75D,098BA1672AC21CEE,D1CA25C1C26DD3D7,2020-02-27,07:50,|6D|,1,2020-02-25 13:04:44,0,27
78613E1292FBBB77,4A116CD878613E1292FBBB77C63FE514,B929E7A58C958751,356731300B8BD75D,D1CA25C1C26DD3D7,098BA1672AC21CEE,2020-02-18,08:00,|6B|,1,2020-02-17 17:15:31,1,18
91EE8CE2ED1A3A72,286CE13B91EE8CE2ED1A3A720FD6AEBE,CDBAF370B9F0644B,A82DCC5AB6F8AA30,D6A0F793FDFC356E,A6F32F2AB602223E,2020-02-25,16:28,|3D|,1,2020-02-24 13:54:13,1,25
4DC4A64D51352F55,E94560BF4DC4A64D51352F55C55615C9,DF631BFE99474EEC,781E932CB7C8314F,82D977416181506F,43E3CACDD8460B9A,2020-02-27,17:10,|5A|,1,2020-02-27 17:07:18,1,27
08D24CD069ED7C4C,C7C6F6D908D24CD069ED7C4CBEF070D8,571CE775641F785C,67BC5619802C6E85,8DC32119AFD963B7,96FC21D91B0105C9,2020-02-19,16:28,|3D|,1,2020-02-19 13:42:12,1,19
5AE8ECDC027DF110,9B09B0BD5AE8ECDC027DF110E65C98F0,B929E7A58C958751,CC454F94DD64A721,098BA1672AC21CEE,D1CA25C1C26DD3D7,2020-02-26,08:10,|5D|,1,2020-02-26 07:40:26,0,26
ABF68182AAC2A25F,A4E67012ABF68182AAC2A25FF5A6D4D9,A484C800188EFA91,8229F12044F78D0D,3D8ACFA4469C896B,82D977416181506F,2020-02-21,07:05,|10B|,1,2020-02-20 15:46:15,0,21
98EA00C0661482B0,13209F7898EA00C0661482B06FBF5EE8,B929E7A58C958751,CC454F94DD64A721,098BA1672AC21CEE,D1CA25C1C26DD3D7,2020-02-25,06:40,|1D|,1,2020-02-24 23:08:33,0,25
9F5111EC565F029D,A585F5CA9F5111EC565F029DC59750D6,D1066910B3BB3772,88FBC58780452455,82D977416181506F,8724E8D02AC2750F,2020-02-25,17:10,|6A|,1,2020-02-25 07:01:27,1,25
0FF97C48060FC0D9,104A28810FF97C48060FC0D9FD6F7718,A484C800188EFA91,8229F12044F78D0D,82D977416181506F,78FDDACB11F2A2FC,2020-02-27,17:10,|2A|,1,2020-02-25 18:38:43,1,27
77F65D60451F9AA1,B11A5B3E77F65D60451F9AA1486227C8,050443DA43067C27,178BCE81B83E903B,4DFC04E7B16A938D,82D977416181506F,2020-02-28,07:10,|3B|,1,2020-02-27 23:30:41,0,28
11CBF40BA014E4AD,32D0C72111CBF40BA014E4AD6378BC99,BDD888BD7757683F,0660D0083B078B11,82D977416181506F,8593371517D90FA0,2020-02-27,17:10,|4D|,1,2020-02-27 07:33:06,1,27
D9F747FDF15D334F,4275C444D9F747FDF15D334F520A7F44,E23AAB625F1C1F93,F2F73A4EEDDC10A7,C73B2C97C355A8DD,C75474E4DA689DE9,2020-02-03,07:40,|3B|,1,2020-01-29 00:27:53,0,3
A4D60A3D0CC28A8A,71F6E11CA4D60A3D0CC28A8A76C6EB53,452EFA42494BCEFA,02B80B0D667E6B2E,82D977416181506F,75D36502447E7764,2020-02-26,17:10,|2A|,1,2020-02-25 16:56:27,1,26
93D8B6D704E3FBF4,692325F993D8B6D704E3FBF454DE6EA0,571CE775641F785C,67BC5619802C6E85,96FC21D91B0105C9,8DC32119AFD963B7,2020-02-28,07:40,|7B|,1,2020-02-26 13:36:09,0,28
107B02D146870696,16FD567D107B02D14687069657903057,0CF8BFD3F799BD85,1EF837A89368FF67,0339B63F855A5B23,D23DDA04ED2E28C8,2020-02-26,17:20,|1D|,1,2020-02-26 16:37:34,1,26
D7587609B118C21D,B34C853FD7587609B118C21DF7EE25CD,571CE775641F785C,67BC5619802C6E85,8DC32119AFD963B7,96FC21D91B0105C9,2020-02-13,16:28,|10D|,1,2020-02-13 13:06:38,1,13
C39BD52FD9CF2BD4,0BEDD764C39BD52FD9CF2BD490DF7B81,112B56F25E1FAECF,713480279996602A,7CB1EAE377CB926B,82D977416181506F,2020-02-21,07:25,|2E|,1,2020-02-20 20:30:10,0,21
04F7D8112851B4EA,1ED60BDA04F7D8112851B4EA61451F3A,2328D56837C35E58,6231107D1665415C,82D977416181506F,5C36F022B48ADF61,2020-02-24,17:10,|1D|,1,2020-02-23 14:39:42,1,24
B017B08806FFA5EF,CC9647ECB017B08806FFA5EFC6FC9B09,0F6874EDA6FBE306,C70DC119A9CB1A30,922823C47A505516,82D977416181506F,2020-02-27,07:35,|7D|,1,2020-02-27 07:18:16,0,27
73A59E6F780377E5,842BEEE80C998498446EA658AAB0BB97,70E156ECAD52DD7B,4ACD6AE2FAA373B0,FE7CDD8DA0C1776C,82D977416181506F,2020-02-26,07:25,|7E|,1,2020-02-25 08:09:41,0,26
F6889CF9FAF7BFFB,B4F6B20CF6889CF9FAF7BFFB3703855A,B929E7A58C958751,0D3A8C4DB791F151,098BA1672AC21CEE,D1CA25C1C26DD3D7,2020-02-25,17:20,|7B|,1,2020-02-25 16:59:03,0,25
05E1DB4B45563115,DE22A1DA05E1DB4B45563115D0608E75,E23AAB625F1C1F93,F2F73A4EEDDC10A7,C73B2C97C355A8DD,C75474E4DA689DE9,2020-02-11,07:40,|5E|,1,2020-01-27 18:57:19,0,11
9156E2A602C09A0A,430D16A79156E2A602C09A0A78AC5194,A26FD424FE3F1D04,93E4B82D6F3A0CF7,82D977416181506F,A561FF8A0384B1B7,2020-02-27,17:10,|11B|,1,2020-02-26 18:38:58,1,27
6BE8BE8622819EF9,85E19BF56BE8BE8622819EF97A47B893,3ED15FFCCE8B8EF8,96778F26954AF258,82D977416181506F,66A89D5AA3B959EC,2020-02-27,17:10,|3A|,1,2020-02-26 17:56:06,1,27
6F3675A3A36C860C,47182BE780F06F8F4861E98A98D366C5,452EFA42494BCEFA,02B80B0D667E6B2E,62A70C35F081568F,82D977416181506F,2020-02-25,07:25,|11B|,1,2020-02-24 19:35:35,0,25
79C95257C842391A,EF01DD6E79C95257C842391ACDE590B3,571CE775641F785C,67BC5619802C6E85,A6985A9E717D85E6,96FC21D91B0105C9,2020-02-20,16:28,|2D|,1,2020-02-18 07:36:35,1,20
A9C693D5AFC4ADD3,8DAAB3FAA9C693D5AFC4ADD34CB1C8A4,112B56F25E1FAECF,713480279996602A,7CB1EAE377CB926B,82D977416181506F,2020-02-26,07:25,|5E|,1,2020-02-26 07:19:53,0,26
962BCE5A73497553,C4453E6BE2CA50D7F22C42398FADC797,B929E7A58C958751,356731300B8BD75D,098BA1672AC21CEE,D1CA25C1C26DD3D7,2020-02-28,08:30,|2B|,1,2020-02-28 08:23:20,0,28
D5E34957853AC541,7945541BD5E34957853AC541834894F6,6F44A9D27A85F1AF,2CD180DD22078E9F,82D977416181506F,E5FA232FE2B2D286,2020-02-28,17:10,|6B|,1,2020-02-28 12:23:36,1,28
4A4F0AE96AA23E06,5D077AFF9A4A05AFE1B7CB63B471FEA5,9D5BFEC88C8B18B4,B9A8B5BC98C80986,EEBDD1A0557462F4,82D977416181506F,2020-02-27,07:12,|6A|,1,2020-02-26 16:54:59,0,27
E9719EF3E3388B04,776F58AAE9719EF3E3388B0487B37DB3,F87F06166E3D11FD,E08702F92DFD3237,35FC34558BFF997F,82D977416181506F,2020-02-25,07:05,|7B|,1,2020-02-24 21:42:18,0,25
A0784CB6220D8C3B,07BB297AA0784CB6220D8C3B2796181A,571CE775641F785C,67BC5619802C6E85,96FC21D91B0105C9,8DC32119AFD963B7,2020-02-18,07:40,|5D|,1,2020-02-17 12:49:07,0,18
BBEFD55FDCB04D5A,27B831D4A0E6BFBF3F7BFD3C59498B60,DF631BFE99474EEC,781E932CB7C8314F,82D977416181506F,43E3CACDD8460B9A,2020-02-27,17:10,|5B|,1,2020-02-27 17:02:52,1,27
0C958F6F917359F1,70CF7F2B0C958F6F917359F18D5AF3AF,A26FD424FE3F1D04,93E4B82D6F3A0CF7,222F8A80CBF4C8FA,82D977416181506F,2020-02-28,07:05,|4D|,1,2020-02-27 18:34:55,0,28
D911512C646A2D86,9D03303BD911512C646A2D86E16E0FDD,E23AAB625F1C1F93,87E22D89433B0B36,C73B2C97C355A8DD,C75474E4DA689DE9,2020-02-03,08:00,|3A|,1,2020-01-26 18:10:42,0,3
E41FE4C3FCF3F064,96D3858BE41FE4C3FCF3F0646080A3BC,F6BFEDB821523E0B,16B86016C38146E5,764F16B596772F89,8239CB2223E4A1CC,2020-02-03,17:45,|1E|,1,2020-01-24 23:12:11,1,3
11CBF40BA014E4AD,32D0C72111CBF40BA014E4AD6378BC99,BDD888BD7757683F,0660D0083B078B11,43F8B4B06A895709,82D977416181506F,2020-02-21,07:15,|4D|,1,2020-02-20 20:48:57,0,21
89FDF4AB053A7743,7C3BF2EE803AC16E35050657347606E2,B929E7A58C958751,356731300B8BD75D,098BA1672AC21CEE,D1CA25C1C26DD3D7,2020-02-19,08:30,|1B|,1,2020-02-18 18:55:29,0,19
66BC6AF70432FC29,CA843DCFF57AA3CA1E4F818620286789,F590638A43460B54,7C75DBF363DE8A0C,82D977416181506F,A24A22A8B25F2A1B,2020-02-28,17:10,|11D|,1,2020-02-26 17:13:14,1,28
BFF353A8F45C137E,59F516BDBFF353A8F45C137ECC736DEE,B929E7A58C958751,CC454F94DD64A721,098BA1672AC21CEE,D1CA25C1C26DD3D7,2020-02-27,06:40,|5B|,1,2020-02-26 22:13:33,0,27
B017B08806FFA5EF,CC9647ECB017B08806FFA5EFC6FC9B09,0F6874EDA6FBE306,C70DC119A9CB1A30,82D977416181506F,922823C47A505516,2020-02-25,17:10,|7D|,1,2020-02-25 07:10:26,1,25
47DA481CF9D76E42,FF3D536247DA481CF9D76E42AAD1791D,B929E7A58C958751,356731300B8BD75D,D1CA25C1C26DD3D7,098BA1672AC21CEE,2020-02-21,18:10,|6D|,1,2020-02-21 17:29:05,1,21
4C6FE67837AE7E4B,E0492CFB4C6FE67837AE7E4BA86EBE0E,7FFED8F885B84129,519E9554120EA4B7,F828D3A4B9ECBC8B,A6985A9E717D85E6,2020-02-17,07:20,|9D|,1,2020-02-17 07:01:08,0,17
A7D08447362A1905,1E7C4D49F1DCAF894296BA49542DB961,D1066910B3BB3772,88FBC58780452455,061429B51E1B7923,82D977416181506F,2020-02-24,07:20,|8E|,1,2020-02-23 16:08:29,0,24
D682796F183BFF31,C5362BA0D682796F183BFF31F1DCB8C5,32B61C9D6E0C4944,9D5C93AAF64AD032,82D977416181506F,63D5BC1A5B863D88,2020-02-24,17:10,|6D|,1,2020-02-24 16:25:12,1,24
9D2FC8182A368BC0,613E7A7A9D2FC8182A368BC0842A5781,B929E7A58C958751,CC454F94DD64A721,098BA1672AC21CEE,D1CA25C1C26DD3D7,2020-02-24,07:10,|1B|,1,2020-02-24 00:41:13,0,24
29E38658CBF60CFF,E7FB6B5129E38658CBF60CFFECC90625,A26FD424FE3F1D04,93E4B82D6F3A0CF7,FA1E8AAAC7E7ECF7,82D977416181506F,2020-02-25,07:05,|5A|,1,2020-02-23 11:34:05,0,25
FC1C7D7AC347A839,8D1FDFBAFC1C7D7AC347A8397AF528D6,BDD888BD7757683F,0660D0083B078B11,954C3334984B5F28,82D977416181506F,2020-02-28,07:15,|5E|,1,2020-02-28 07:12:24,0,28
90F251801F536792,874C401390F251801F536792564B89F0,1678CB2812D96F45,7760125C7D354A58,FDC5EA9BA3600278,47A180AA252BFD0F,2020-02-11,18:30,|8A|,1,2020-02-05 08:07:09,1,11
322700D892CD22FA,9B759019322700D892CD22FA5F2341B8,A26FD424FE3F1D04,93E4B82D6F3A0CF7,FD58F2549728E278,82D977416181506F,2020-02-24,07:05,|8D|,1,2020-02-23 21:28:53,0,24
E67F6E5E0DC508AB,211B2B616DFF3A3AA34676BACE86E54C,9D5BFEC88C8B18B4,B9A8B5BC98C80986,0B1087427766E73B,82D977416181506F,2020-02-20,07:12,|8A|,1,2020-02-19 13:36:01,0,20
3AEFF1AE133037E9,8D9D8F343AEFF1AE133037E9D86F3527,452EFA42494BCEFA,02B80B0D667E6B2E,62A70C35F081568F,82D977416181506F,2020-02-27,07:25,|8D|,1,2020-02-27 07:23:59,0,27
E95F9E54E8002856,E21BFB23E95F9E54E80028561D38EDA8,B929E7A58C958751,CC454F94DD64A721,098BA1672AC21CEE,D1CA25C1C26DD3D7,2020-02-10,06:10,|1D|,1,2020-02-08 17:23:23,0,10
C726BF241E6FA7C7,68C820FFC726BF241E6FA7C7D09EACD0,571CE775641F785C,67BC5619802C6E85,96FC21D91B0105C9,8DC32119AFD963B7,2020-02-24,07:40,|8E|,1,2020-02-23 20:21:44,0,24
1494C97F948659F3,11C9134D1494C97F948659F38C3C14A0,A26FD424FE3F1D04,93E4B82D6F3A0CF7,82D977416181506F,FA1E8AAAC7E7ECF7,2020-02-26,17:10,|8E|,1,2020-02-26 12:05:00,1,26
8280E68CAA67200B,BD0173AB7354FAD0CDBDC9BD9B0DF4B2,452EFA42494BCEFA,02B80B0D667E6B2E,82D977416181506F,15D0250C113646FE,2020-02-25,17:10,|3E|,1,2020-02-25 14:03:57,1,25
7428E61E31711CC0,69D46A9E7428E61E31711CC00554E0C1,F590638A43460B54,7C75DBF363DE8A0C,82D977416181506F,53708FDE34820170,2020-02-25,17:10,|7D|,1,2020-02-25 15:39:03,1,25
BED212EA5D5273ED,266B0155BED212EA5D5273EDCEC0394F,B929E7A58C958751,356731300B8BD75D,098BA1672AC21CEE,D1CA25C1C26DD3D7,2020-02-19,08:30,|6D|,1,2020-02-19 07:51:13,0,19
298820CE5A115DEE,F9F7E31C298820CE5A115DEEF7B27149,A7725DA7CFB7A115,7A07DFDED6DFF79F,2CA599758934AFD9,82D977416181506F,2020-02-26,07:05,|8D|,1,2020-02-26 06:59:35,0,26
36D5EF53B42F40A0,05754D7D36D5EF53B42F40A0350D232E,2328D56837C35E58,6231107D1665415C,82D977416181506F,32D2247A9DBE6C6B,2020-02-26,17:10,|4A|,1,2020-02-24 17:19:57,1,26
2B99DB36E7546655,8A5D50032B99DB36E75466556FDA6640,32B61C9D6E0C4944,9D5C93AAF64AD032,82D977416181506F,63D5BC1A5B863D88,2020-02-28,17:10,|1B|,1,2020-02-28 16:52:07,1,28
2025362B99DB375C,7161CCDBBCB16F9FB66A34071A35E222,B929E7A58C958751,CC454F94DD64A721,098BA1672AC21CEE,D1CA25C1C26DD3D7,2020-02-27,08:10,|7D|,1,2020-02-26 22:13:11,0,27
D0AB73E5884E7357,90F46E54D0AB73E5884E7357B3AA8671,F590638A43460B54,7C75DBF363DE8A0C,430F6BDFD673B0C3,82D977416181506F,2020-02-24,07:25,|10B|,1,2020-02-23 22:04:39,0,24
BB7A87D24C973B69,A391D1B3BB7A87D24C973B690DD09716,0600DE4D8D6B152F,F7739336A5F629D6,6A4D726B51497ECF,82D977416181506F,2020-02-20,07:30,|5A|,1,2020-02-20 06:31:40,0,20
7E6D12C4EDE9091F,FDB19E857E6D12C4EDE9091F22A9153E,49A4A5B9565CAECE,0497342CEEA72A47,7E5574083E1C53B2,8DC32119AFD963B7,2020-02-27,07:15,|1A|,1,2020-02-27 06:24:21,0,27
822F756564E7CE95,A22670C4822F756564E7CE9533605916,B929E7A58C958751,CC454F94DD64A721,098BA1672AC21CEE,D1CA25C1C26DD3D7,2020-02-28,07:30,|1B|,1,2020-02-28 07:11:06,0,28
433ADF7169E4CF9B,0F494463433ADF7169E4CF9B9892F2FD,112B56F25E1FAECF,713480279996602A,82D977416181506F,F80E7FE01D369AE9,2020-02-21,17:10,|9A|,1,2020-02-21 17:05:46,1,21
83E7AE81E976EAD1,41958BED69C55D4E9AC4AC3FCBBEFEF5,B929E7A58C958751,0BAF984F14AF891D,D1CA25C1C26DD3D7,098BA1672AC21CEE,2020-02-18,18:30,|1D|2D|,2,2020-02-18 18:05:29,1,18
46881B8F6EF96BB5,8E8870B846881B8F6EF96BB5151414B9,2328D56837C35E58,6231107D1665415C,6DF00239CF26053D,82D977416181506F,2020-02-28,07:10,|6D|,1,2020-02-27 21:56:22,0,28
661913E017EA2900,ED2CA383661913E017EA290063E7F1A9,112B56F25E1FAECF,713480279996602A,82D977416181506F,9D6ECF7B6718D92E,2020-02-21,17:10,|2A|,1,2020-02-21 16:46:25,1,21
